No,Timestamp,Elapsed_menit,Suhu_CPU_C,CPU_pct,RAM_pct,RAM_MB,Under_Voltage,Total_Deteksi,Deteksi_Organik,Deteksi_Anorganik,Deteksi_Styrofoam,Flask_Online,Keterangan
1,2026-07-03 02:41:32,0.0,56.0,82.7,83.3,2634.4,TIDAK,345,29,292,24,YA,
2,2026-07-03 02:42:01,0.48,55.0,46.7,82.6,2635.8,TIDAK,345,29,292,24,YA,
3,2026-07-03 02:42:30,0.97,53.0,36.9,82.6,2635.4,TIDAK,345,29,292,24,YA,
4,2026-07-03 02:42:59,1.45,53.5,38.9,82.9,2642.6,TIDAK,345,29,292,24,YA,
5,2026-07-03 02:43:28,1.93,53.0,35.4,83.1,2650.1,TIDAK,345,29,292,24,YA,
6,2026-07-03 02:43:57,2.42,53.0,32.8,82.9,2648.0,TIDAK,345,29,292,24,YA,
7,2026-07-03 02:44:26,2.9,55.0,52.6,83.2,2655.4,TIDAK,345,29,292,24,YA,
8,2026-07-03 02:44:55,3.38,55.5,93.1,83.5,2657.5,TIDAK,345,29,292,24,YA,
9,2026-07-03 02:45:24,3.87,54.5,63.5,83.2,2636.6,TIDAK,345,29,292,24,YA,
10,2026-07-03 02:45:53,4.35,54.5,87.0,81.9,2596.4,TIDAK,345,29,292,24,YA,
11,2026-07-03 02:46:22,4.83,54.0,72.1,81.7,2599.8,TIDAK,345,29,292,24,YA,
12,2026-07-03 02:46:51,5.32,55.0,64.6,81.9,2605.9,TIDAK,345,29,292,24,YA,
13,2026-07-03 02:47:20,5.8,56.9,78.1,81.9,2598.3,TIDAK,345,29,292,24,YA,
14,2026-07-03 02:47:49,6.28,54.0,37.9,74.3,2312.4,TIDAK,345,29,292,24,YA,
15,2026-07-03 02:48:18,6.77,54.5,34.1,73.8,2310.6,TIDAK,345,29,292,24,YA,
16,2026-07-03 02:48:47,7.25,54.5,33.9,74.2,2325.3,TIDAK,345,29,292,24,YA,
17,2026-07-03 02:49:16,7.73,53.0,37.9,74.4,2328.7,TIDAK,345,29,292,24,YA,
18,2026-07-03 02:49:45,8.22,53.0,43.0,74.5,2334.2,TIDAK,345,29,292,24,YA,
19,2026-07-03 02:50:14,8.7,53.5,33.8,76.2,2383.4,TIDAK,345,29,292,24,YA,
20,2026-07-03 02:50:43,9.18,54.0,33.3,76.1,2377.6,TIDAK,345,29,292,24,YA,
21,2026-07-03 02:51:12,9.67,52.5,34.5,76.3,2382.0,TIDAK,345,29,292,24,YA,
22,2026-07-03 02:51:41,10.15,52.5,53.2,76.2,2377.1,TIDAK,345,29,292,24,YA,
23,2026-07-03 02:52:10,10.63,53.5,46.4,76.1,2379.4,TIDAK,345,29,292,24,YA,
24,2026-07-03 02:52:39,11.12,53.5,37.2,76.1,2379.0,TIDAK,345,29,292,24,YA,
25,2026-07-03 02:53:08,11.6,53.0,33.7,76.1,2385.7,TIDAK,345,29,292,24,YA,
26,2026-07-03 02:53:37,12.08,53.0,34.1,76.2,2388.4,TIDAK,345,29,292,24,YA,
27,2026-07-03 02:54:06,12.57,53.0,36.0,76.2,2384.7,TIDAK,345,29,292,24,YA,
28,2026-07-03 02:54:35,13.05,52.5,33.7,76.3,2386.9,TIDAK,345,29,292,24,YA,
29,2026-07-03 02:55:04,13.53,52.1,35.2,76.3,2388.3,TIDAK,345,29,292,24,YA,
30,2026-07-03 02:55:33,14.02,52.1,41.0,76.5,2394.2,TIDAK,345,29,292,24,YA,
31,2026-07-03 02:56:02,14.5,53.5,34.4,76.7,2398.8,TIDAK,345,29,292,24,YA,
32,2026-07-03 02:56:31,14.98,52.5,53.8,76.7,2398.3,TIDAK,345,29,292,24,YA,
33,2026-07-03 02:57:00,15.47,52.1,42.9,76.5,2398.9,TIDAK,345,29,292,24,YA,
34,2026-07-03 02:57:29,15.95,54.0,36.1,76.5,2398.1,TIDAK,345,29,292,24,YA,
35,2026-07-03 02:57:58,16.43,52.1,32.2,76.7,2406.7,TIDAK,345,29,292,24,YA,
36,2026-07-03 02:58:27,16.92,52.1,31.5,76.8,2411.1,TIDAK,345,29,292,24,YA,
37,2026-07-03 02:58:56,17.4,52.5,34.8,77.0,2413.6,TIDAK,345,29,292,24,YA,
38,2026-07-03 02:59:25,17.88,53.0,32.5,77.1,2414.9,TIDAK,345,29,292,24,YA,
39,2026-07-03 02:59:54,18.37,52.5,43.6,76.9,2411.0,TIDAK,345,29,292,24,YA,
40,2026-07-03 03:00:23,18.85,52.1,53.9,77.1,2408.8,TIDAK,345,29,292,24,YA,
41,2026-07-03 03:00:52,19.33,52.1,43.3,77.0,2410.3,TIDAK,345,29,292,24,YA,
42,2026-07-03 03:01:21,19.82,53.0,50.9,77.1,2412.5,TIDAK,345,29,292,24,YA,
43,2026-07-03 03:01:50,20.3,53.0,45.3,77.2,2423.9,TIDAK,345,29,292,24,YA,
44,2026-07-03 03:02:19,20.78,52.1,36.9,76.6,2423.8,TIDAK,345,29,292,24,YA,
45,2026-07-03 03:02:48,21.27,54.0,33.8,76.7,2424.4,TIDAK,345,29,292,24,YA,
46,2026-07-03 03:03:17,21.75,53.5,32.7,76.5,2420.4,TIDAK,345,29,292,24,YA,
47,2026-07-03 03:03:46,22.23,53.0,37.1,76.6,2422.9,TIDAK,345,29,292,24,YA,
48,2026-07-03 03:04:15,22.72,53.0,32.9,76.7,2422.1,TIDAK,345,29,292,24,YA,
49,2026-07-03 03:04:44,23.2,53.5,33.5,76.9,2430.2,TIDAK,345,29,292,24,YA,
50,2026-07-03 03:05:13,23.68,54.0,36.2,76.9,2428.3,TIDAK,345,29,292,24,YA,
51,2026-07-03 03:05:42,24.17,54.0,36.2,77.0,2427.9,TIDAK,345,29,292,24,YA,
52,2026-07-03 03:06:11,24.65,52.5,49.7,77.1,2431.3,TIDAK,346,30,292,24,YA,
53,2026-07-03 03:06:40,25.13,53.5,37.9,77.1,2437.0,TIDAK,347,31,292,24,YA,
54,2026-07-03 03:07:09,25.62,53.0,35.8,76.7,2428.9,TIDAK,347,31,292,24,YA,
55,2026-07-03 03:07:38,26.1,52.5,34.3,76.9,2431.1,TIDAK,347,31,292,24,YA,
56,2026-07-03 03:08:07,26.58,54.0,32.9,76.8,2431.4,TIDAK,347,31,292,24,YA,
57,2026-07-03 03:08:36,27.07,53.5,34.6,77.2,2441.0,TIDAK,347,31,292,24,YA,
58,2026-07-03 03:09:05,27.55,52.1,34.1,77.4,2450.3,TIDAK,347,31,292,24,YA,
59,2026-07-03 03:09:34,28.03,53.5,32.6,77.5,2450.8,TIDAK,347,31,292,24,YA,
60,2026-07-03 03:10:03,28.52,52.5,40.3,77.6,2454.8,TIDAK,347,31,292,24,YA,
61,2026-07-03 03:10:32,29.0,52.5,32.9,77.7,2453.8,TIDAK,347,31,292,24,YA,
62,2026-07-03 03:11:01,29.48,51.6,49.5,79.7,2529.9,TIDAK,347,31,292,24,YA,
63,2026-07-03 03:11:30,29.97,51.6,50.0,79.4,2527.2,TIDAK,347,31,292,24,YA,
64,2026-07-03 03:11:59,30.45,53.0,35.0,78.6,2499.1,TIDAK,347,31,292,24,YA,
65,2026-07-03 03:12:28,30.93,53.0,34.3,78.6,2501.4,TIDAK,347,31,292,24,YA,
66,2026-07-03 03:12:57,31.42,53.5,32.6,78.7,2500.2,TIDAK,347,31,292,24,YA,
67,2026-07-03 03:13:26,31.9,52.1,34.2,78.9,2507.2,TIDAK,347,31,292,24,YA,
68,2026-07-03 03:13:55,32.38,54.0,34.0,78.9,2505.2,TIDAK,347,31,292,24,YA,
69,2026-07-03 03:14:24,32.87,53.0,32.7,79.2,2515.5,TIDAK,347,31,292,24,YA,
70,2026-07-03 03:14:53,33.35,53.0,37.6,79.0,2507.8,TIDAK,347,31,292,24,YA,
71,2026-07-03 03:15:22,33.83,52.5,44.2,79.3,2517.0,TIDAK,347,31,292,24,YA,
72,2026-07-03 03:15:51,34.32,53.0,54.1,79.1,2510.4,TIDAK,347,31,292,24,YA,
73,2026-07-03 03:16:20,34.8,52.5,57.2,78.9,2510.0,TIDAK,347,31,292,24,YA,
74,2026-07-03 03:16:49,35.28,52.1,34.3,79.0,2509.6,TIDAK,347,31,292,24,YA,
75,2026-07-03 03:17:18,35.77,52.5,36.2,79.1,2518.5,TIDAK,347,31,292,24,YA,
76,2026-07-03 03:17:47,36.25,53.0,38.7,78.9,2515.1,TIDAK,347,31,292,24,YA,
77,2026-07-03 03:18:16,36.73,52.5,34.4,79.2,2521.6,TIDAK,347,31,292,24,YA,
78,2026-07-03 03:18:45,37.22,52.5,32.8,79.2,2518.1,TIDAK,347,31,292,24,YA,
79,2026-07-03 03:19:14,37.7,52.5,33.1,79.1,2514.1,TIDAK,347,31,292,24,YA,
80,2026-07-03 03:19:43,38.18,53.5,39.3,79.1,2514.3,TIDAK,347,31,292,24,YA,
81,2026-07-03 03:20:12,38.67,54.0,34.2,79.1,2511.0,TIDAK,347,31,292,24,YA,
82,2026-07-03 03:20:41,39.15,53.0,55.2,79.0,2512.6,TIDAK,347,31,292,24,YA,
83,2026-07-03 03:21:10,39.63,52.5,39.8,79.0,2512.5,TIDAK,347,31,292,24,YA,
84,2026-07-03 03:21:39,40.12,52.5,42.3,79.1,2516.6,TIDAK,347,31,292,24,YA,
85,2026-07-03 03:22:08,40.6,53.0,32.4,79.1,2520.9,TIDAK,347,31,292,24,YA,
86,2026-07-03 03:22:37,41.08,53.0,39.4,79.0,2519.5,TIDAK,347,31,292,24,YA,
87,2026-07-03 03:23:06,41.57,53.0,33.9,79.2,2527.6,TIDAK,347,31,292,24,YA,
88,2026-07-03 03:23:35,42.05,52.5,33.2,79.2,2523.9,TIDAK,347,31,292,24,YA,
89,2026-07-03 03:24:04,42.53,53.0,33.6,79.1,2514.6,TIDAK,347,31,292,24,YA,
90,2026-07-03 03:24:33,43.02,51.6,39.6,79.2,2518.4,TIDAK,347,31,292,24,YA,
91,2026-07-03 03:25:02,43.5,52.5,34.3,79.3,2519.3,TIDAK,347,31,292,24,YA,
92,2026-07-03 03:25:31,43.98,52.1,35.4,79.2,2525.1,TIDAK,347,31,292,24,YA,
93,2026-07-03 03:26:00,44.47,53.0,47.9,78.9,2517.1,TIDAK,347,31,292,24,YA,
94,2026-07-03 03:26:29,44.95,52.1,35.3,79.1,2517.8,TIDAK,347,31,292,24,YA,
95,2026-07-03 03:26:58,45.43,53.0,33.5,79.0,2519.2,TIDAK,347,31,292,24,YA,
96,2026-07-03 03:27:27,45.92,53.5,38.2,79.2,2527.7,TIDAK,347,31,292,24,YA,
97,2026-07-03 03:27:56,46.4,53.0,32.9,79.2,2523.2,TIDAK,347,31,292,24,YA,
98,2026-07-03 03:28:25,46.88,53.0,33.0,79.3,2525.9,TIDAK,347,31,292,24,YA,
99,2026-07-03 03:28:54,47.37,52.5,51.7,79.3,2525.3,TIDAK,347,31,292,24,YA,
100,2026-07-03 03:29:23,47.85,52.5,33.1,79.4,2529.5,TIDAK,347,31,292,24,YA,
101,2026-07-03 03:29:52,48.33,52.5,34.2,79.3,2520.2,TIDAK,347,31,292,24,YA,
102,2026-07-03 03:30:21,48.82,54.5,53.9,79.4,2525.7,TIDAK,347,31,292,24,YA,
103,2026-07-03 03:30:50,49.3,54.0,51.7,79.1,2523.3,TIDAK,347,31,292,24,YA,
104,2026-07-03 03:31:19,49.78,53.0,35.8,79.0,2516.1,TIDAK,347,31,292,24,YA,
105,2026-07-03 03:31:48,50.27,52.5,35.1,78.8,2515.3,TIDAK,347,31,292,24,YA,
106,2026-07-03 03:32:17,50.75,53.5,36.5,79.0,2520.1,TIDAK,347,31,292,24,YA,
107,2026-07-03 03:32:46,51.23,53.0,33.8,79.1,2522.6,TIDAK,347,31,292,24,YA,
108,2026-07-03 03:33:15,51.72,52.1,33.0,79.2,2524.5,TIDAK,347,31,292,24,YA,
109,2026-07-03 03:33:44,52.2,53.0,37.2,79.1,2516.9,TIDAK,347,31,292,24,YA,
110,2026-07-03 03:34:13,52.68,52.1,33.5,79.3,2524.5,TIDAK,347,31,292,24,YA,
111,2026-07-03 03:34:42,53.17,53.5,32.4,79.1,2513.6,TIDAK,347,31,292,24,YA,
112,2026-07-03 03:35:11,53.65,54.0,71.7,79.2,2518.4,TIDAK,347,31,292,24,YA,
113,2026-07-03 03:35:40,54.13,53.5,47.4,78.9,2519.1,TIDAK,347,31,292,24,YA,
114,2026-07-03 03:36:09,54.62,53.0,36.6,79.2,2523.6,TIDAK,347,31,292,24,YA,
115,2026-07-03 03:36:38,55.1,53.5,35.3,79.1,2519.8,TIDAK,347,31,292,24,YA,
116,2026-07-03 03:37:07,55.58,52.5,36.9,78.9,2512.2,TIDAK,347,31,292,24,YA,
117,2026-07-03 03:37:36,56.07,51.6,33.4,78.8,2510.9,TIDAK,347,31,292,24,YA,
118,2026-07-03 03:38:05,56.55,54.0,33.0,79.0,2516.4,TIDAK,347,31,292,24,YA,
119,2026-07-03 03:38:34,57.03,54.0,35.2,78.9,2515.0,TIDAK,347,31,292,24,YA,
120,2026-07-03 03:39:03,57.52,52.5,35.4,79.2,2521.2,TIDAK,347,31,292,24,YA,
121,2026-07-03 03:39:32,58.0,54.0,32.8,78.9,2506.9,TIDAK,347,31,292,24,YA,
122,2026-07-03 03:40:01,58.48,53.0,57.8,79.0,2511.6,TIDAK,347,31,292,24,YA,
123,2026-07-03 03:40:30,58.97,52.1,46.1,78.7,2507.0,TIDAK,347,31,292,24,YA,
124,2026-07-03 03:40:59,59.45,53.5,34.1,78.8,2510.9,TIDAK,347,31,292,24,YA,
125,2026-07-03 03:41:28,59.93,53.5,44.9,78.6,2507.3,TIDAK,347,31,292,24,YA,
126,2026-07-03 03:41:57,60.42,53.0,33.8,78.7,2505.1,TIDAK,347,31,292,24,YA,
127,2026-07-03 03:42:26,60.9,52.1,34.2,78.6,2505.4,TIDAK,347,31,292,24,YA,
128,2026-07-03 03:42:55,61.38,54.0,33.1,78.9,2512.6,TIDAK,347,31,292,24,YA,
129,2026-07-03 03:43:24,61.87,53.5,34.7,78.9,2512.9,TIDAK,347,31,292,24,YA,
130,2026-07-03 03:43:53,62.35,52.1,34.0,78.8,2508.5,TIDAK,347,31,292,24,YA,
131,2026-07-03 03:44:22,62.83,53.5,33.4,79.0,2513.3,TIDAK,347,31,292,24,YA,
132,2026-07-03 03:44:51,63.32,52.5,78.2,79.0,2511.7,TIDAK,347,31,292,24,YA,
133,2026-07-03 03:45:20,63.8,53.0,53.6,79.0,2512.8,TIDAK,347,31,292,24,YA,
134,2026-07-03 03:45:49,64.28,54.0,35.3,78.8,2511.7,TIDAK,347,31,292,24,YA,
135,2026-07-03 03:46:18,64.77,53.0,41.4,78.7,2506.1,TIDAK,347,31,292,24,YA,
136,2026-07-03 03:46:47,65.25,53.0,38.7,78.8,2510.4,TIDAK,347,31,292,24,YA,
137,2026-07-03 03:47:16,65.73,53.5,33.4,78.9,2510.9,TIDAK,347,31,292,24,YA,
138,2026-07-03 03:47:45,66.22,53.0,31.8,78.9,2513.9,TIDAK,347,31,292,24,YA,
139,2026-07-03 03:48:14,66.7,55.0,33.8,78.9,2511.7,TIDAK,347,31,292,24,YA,
140,2026-07-03 03:48:43,67.18,53.5,35.5,79.0,2514.3,TIDAK,347,31,292,24,YA,
141,2026-07-03 03:49:12,67.67,52.5,41.3,78.9,2508.1,TIDAK,347,31,292,24,YA,
142,2026-07-03 03:49:41,68.15,52.5,51.3,79.0,2511.6,TIDAK,347,31,292,24,YA,
143,2026-07-03 03:50:10,68.63,53.0,39.2,78.8,2508.8,TIDAK,347,31,292,24,YA,
144,2026-07-03 03:50:39,69.12,53.0,33.2,78.9,2512.1,TIDAK,347,31,292,24,YA,
145,2026-07-03 03:51:08,69.6,53.0,38.7,78.9,2517.9,TIDAK,347,31,292,24,YA,
146,2026-07-03 03:51:37,70.08,52.1,40.5,78.7,2509.3,TIDAK,347,31,292,24,YA,
147,2026-07-03 03:52:06,70.57,53.0,33.4,78.9,2511.7,TIDAK,347,31,292,24,YA,
148,2026-07-03 03:52:35,71.05,53.5,34.1,78.9,2510.3,TIDAK,347,31,292,24,YA,
149,2026-07-03 03:53:04,71.53,54.0,33.8,79.0,2518.0,TIDAK,347,31,292,24,YA,
150,2026-07-03 03:53:33,72.02,52.5,37.9,79.0,2512.7,TIDAK,347,31,292,24,YA,
151,2026-07-03 03:54:02,72.5,52.5,35.2,78.8,2513.1,TIDAK,347,31,292,24,YA,
152,2026-07-03 03:54:31,72.98,53.0,75.1,79.3,2520.9,TIDAK,347,31,292,24,YA,
153,2026-07-03 03:55:00,73.47,52.5,45.1,79.0,2517.0,TIDAK,347,31,292,24,YA,
154,2026-07-03 03:55:29,73.95,52.5,42.8,79.0,2515.5,TIDAK,347,31,292,24,YA,
155,2026-07-03 03:55:58,74.43,53.0,32.7,78.7,2508.9,TIDAK,347,31,292,24,YA,
156,2026-07-03 03:56:27,74.92,53.5,35.0,78.8,2513.1,TIDAK,347,31,292,24,YA,
157,2026-07-03 03:56:56,75.4,52.1,33.7,78.7,2510.7,TIDAK,347,31,292,24,YA,
158,2026-07-03 03:57:25,75.88,52.5,43.3,79.1,2521.0,TIDAK,347,31,292,24,YA,
159,2026-07-03 03:57:54,76.37,53.0,33.2,79.0,2515.3,TIDAK,347,31,292,24,YA,
160,2026-07-03 03:58:23,76.85,53.0,35.9,79.2,2522.0,TIDAK,347,31,292,24,YA,
161,2026-07-03 03:58:52,77.33,54.0,53.8,79.2,2520.1,TIDAK,347,31,292,24,YA,
162,2026-07-03 03:59:21,77.82,53.0,52.9,79.1,2517.3,TIDAK,347,31,292,24,YA,
163,2026-07-03 03:59:50,78.3,53.0,45.1,78.8,2513.4,TIDAK,347,31,292,24,YA,
164,2026-07-03 04:00:19,78.78,53.5,33.6,78.9,2517.3,TIDAK,347,31,292,24,YA,
165,2026-07-03 04:00:48,79.27,53.5,34.3,79.1,2522.7,TIDAK,347,31,292,24,YA,
166,2026-07-03 04:01:17,79.75,54.0,34.7,79.2,2522.0,TIDAK,347,31,292,24,YA,
167,2026-07-03 04:01:46,80.23,52.1,31.8,79.1,2522.6,TIDAK,347,31,292,24,YA,
168,2026-07-03 04:02:15,80.72,52.1,39.3,79.1,2520.3,TIDAK,347,31,292,24,YA,
169,2026-07-03 04:02:44,81.2,53.5,34.2,79.0,2519.3,TIDAK,347,31,292,24,YA,
170,2026-07-03 04:03:13,81.68,53.0,35.9,79.1,2520.3,TIDAK,347,31,292,24,YA,
171,2026-07-03 04:03:42,82.17,54.0,68.0,79.3,2524.8,TIDAK,347,31,292,24,YA,
172,2026-07-03 04:04:11,82.65,52.5,36.1,78.9,2516.7,TIDAK,347,31,292,24,YA,
173,2026-07-03 04:04:40,83.13,52.1,38.2,79.0,2522.5,TIDAK,347,31,292,24,YA,
174,2026-07-03 04:05:09,83.62,53.0,33.2,78.9,2518.6,TIDAK,347,31,292,24,YA,
175,2026-07-03 04:05:38,84.1,52.5,34.7,78.6,2508.4,TIDAK,347,31,292,24,YA,
176,2026-07-03 04:06:07,84.58,53.5,34.5,78.5,2506.0,TIDAK,347,31,292,24,YA,
177,2026-07-03 04:06:36,85.07,52.5,33.3,78.7,2510.1,TIDAK,347,31,292,24,YA,
178,2026-07-03 04:07:05,85.55,53.5,35.2,78.8,2509.4,TIDAK,347,31,292,24,YA,
179,2026-07-03 04:07:34,86.03,52.1,36.4,78.8,2508.6,TIDAK,347,31,292,24,YA,
180,2026-07-03 04:08:03,86.52,54.0,36.1,78.8,2510.5,TIDAK,347,31,292,24,YA,
181,2026-07-03 04:08:32,87.0,54.5,42.5,79.0,2513.2,TIDAK,347,31,292,24,YA,
182,2026-07-03 04:09:01,87.48,52.5,41.5,78.6,2509.2,TIDAK,347,31,292,24,YA,
183,2026-07-03 04:09:30,87.97,53.0,43.8,78.6,2510.8,TIDAK,347,31,292,24,YA,
184,2026-07-03 04:09:59,88.45,52.5,34.7,78.7,2508.7,TIDAK,347,31,292,24,YA,
185,2026-07-03 04:10:28,88.93,53.5,34.0,78.7,2512.2,TIDAK,347,31,292,24,YA,
186,2026-07-03 04:10:57,89.42,53.0,32.2,78.6,2509.4,TIDAK,347,31,292,24,YA,
187,2026-07-03 04:11:26,89.9,53.5,31.9,79.0,2518.5,TIDAK,347,31,292,24,YA,
188,2026-07-03 04:11:55,90.38,53.0,34.5,78.8,2511.9,TIDAK,347,31,292,24,YA,
189,2026-07-03 04:12:24,90.87,53.0,44.8,79.0,2521.0,TIDAK,347,31,292,24,YA,
190,2026-07-03 04:12:53,91.35,53.0,37.5,78.8,2510.4,TIDAK,347,31,292,24,YA,
191,2026-07-03 04:13:22,91.83,53.5,39.7,78.9,2510.5,TIDAK,347,31,292,24,YA,
192,2026-07-03 04:13:51,92.32,53.0,49.6,78.7,2505.0,TIDAK,347,31,292,24,YA,
193,2026-07-03 04:14:20,92.8,52.5,55.5,78.5,2501.5,TIDAK,347,31,292,24,YA,
194,2026-07-03 04:14:49,93.28,53.0,40.3,78.3,2500.3,TIDAK,347,31,292,24,YA,
195,2026-07-03 04:15:18,93.77,53.0,34.6,78.5,2501.4,TIDAK,347,31,292,24,YA,
196,2026-07-03 04:15:47,94.25,52.1,33.3,78.4,2498.9,TIDAK,347,31,292,24,YA,
197,2026-07-03 04:16:16,94.73,52.5,31.5,78.4,2500.2,TIDAK,347,31,292,24,YA,
198,2026-07-03 04:16:45,95.22,53.5,35.1,78.3,2496.2,TIDAK,347,31,292,24,YA,
199,2026-07-03 04:17:14,95.7,52.5,33.3,78.4,2497.3,TIDAK,347,31,292,24,YA,
200,2026-07-03 04:17:43,96.18,54.0,39.0,78.5,2499.1,TIDAK,347,31,292,24,YA,
201,2026-07-03 04:18:12,96.67,54.0,33.4,78.6,2501.6,TIDAK,347,31,292,24,YA,
202,2026-07-03 04:18:41,97.15,53.0,53.2,78.5,2498.9,TIDAK,347,31,292,24,YA,
203,2026-07-03 04:19:10,97.63,53.5,42.9,78.4,2497.7,TIDAK,347,31,292,24,YA,
204,2026-07-03 04:19:39,98.12,54.0,36.5,78.4,2497.8,TIDAK,347,31,292,24,YA,
205,2026-07-03 04:20:08,98.6,53.5,33.9,78.5,2501.5,TIDAK,347,31,292,24,YA,
206,2026-07-03 04:20:37,99.08,53.0,43.3,78.4,2498.9,TIDAK,347,31,292,24,YA,
207,2026-07-03 04:21:06,99.57,53.0,34.2,78.5,2502.3,TIDAK,347,31,292,24,YA,
208,2026-07-03 04:21:35,100.05,52.5,33.7,78.5,2501.6,TIDAK,347,31,292,24,YA,
209,2026-07-03 04:22:04,100.53,53.5,32.6,78.7,2508.2,TIDAK,347,31,292,24,YA,
210,2026-07-03 04:22:33,101.02,53.0,46.9,78.6,2503.6,TIDAK,347,31,292,24,YA,
211,2026-07-03 04:23:02,101.5,53.0,48.2,78.8,2509.5,TIDAK,347,31,292,24,YA,
212,2026-07-03 04:23:31,101.98,54.0,53.0,78.6,2503.0,TIDAK,347,31,292,24,YA,
213,2026-07-03 04:24:00,102.47,52.5,45.6,78.5,2505.1,TIDAK,347,31,292,24,YA,
214,2026-07-03 04:24:29,102.95,53.0,37.1,78.6,2512.6,TIDAK,347,31,292,24,YA,
215,2026-07-03 04:24:58,103.43,54.0,34.0,78.6,2507.4,TIDAK,347,31,292,24,YA,
216,2026-07-03 04:25:27,103.92,53.0,33.0,78.7,2510.1,TIDAK,347,31,292,24,YA,
217,2026-07-03 04:25:56,104.4,52.5,40.5,78.6,2507.9,TIDAK,347,31,292,24,YA,
218,2026-07-03 04:26:25,104.88,53.5,35.3,78.7,2510.9,TIDAK,347,31,292,24,YA,
219,2026-07-03 04:26:54,105.37,53.5,34.0,78.4,2498.4,TIDAK,347,31,292,24,YA,
220,2026-07-03 04:27:23,105.85,53.5,35.8,78.6,2504.6,TIDAK,347,31,292,24,YA,
221,2026-07-03 04:27:52,106.33,53.5,32.5,78.5,2498.5,TIDAK,347,31,292,24,YA,
222,2026-07-03 04:28:21,106.82,52.5,83.1,78.9,2513.6,TIDAK,347,31,292,24,YA,
223,2026-07-03 04:28:50,107.3,53.0,42.8,78.1,2495.2,TIDAK,347,31,292,24,YA,
224,2026-07-03 04:29:19,107.78,51.6,34.3,78.5,2506.0,TIDAK,347,31,292,24,YA,
225,2026-07-03 04:29:48,108.27,53.0,32.8,78.3,2496.8,TIDAK,347,31,292,24,YA,
226,2026-07-03 04:30:17,108.75,53.5,34.7,78.6,2507.6,TIDAK,347,31,292,24,YA,
227,2026-07-03 04:30:46,109.23,52.5,34.8,78.2,2493.0,TIDAK,347,31,292,24,YA,
228,2026-07-03 04:31:15,109.72,51.6,34.4,78.3,2495.3,TIDAK,347,31,292,24,YA,
229,2026-07-03 04:31:44,110.2,53.0,35.7,78.3,2495.6,TIDAK,347,31,292,24,YA,
230,2026-07-03 04:32:13,110.68,53.0,44.8,78.8,2506.6,TIDAK,347,31,292,24,YA,
231,2026-07-03 04:32:42,111.17,52.5,35.4,78.4,2496.4,TIDAK,347,31,292,24,YA,
232,2026-07-03 04:33:11,111.65,53.5,50.0,78.5,2501.0,TIDAK,347,31,292,24,YA,
233,2026-07-03 04:33:40,112.13,52.5,36.1,78.2,2493.2,TIDAK,347,31,292,24,YA,
234,2026-07-03 04:34:09,112.62,53.5,35.4,78.4,2501.3,TIDAK,347,31,292,24,YA,
235,2026-07-03 04:34:38,113.1,54.0,33.7,78.5,2505.3,TIDAK,347,31,292,24,YA,
236,2026-07-03 04:35:07,113.58,52.5,34.6,78.5,2506.9,TIDAK,347,31,292,24,YA,
237,2026-07-03 04:35:36,114.07,53.0,34.8,78.5,2503.4,TIDAK,347,31,292,24,YA,
238,2026-07-03 04:36:05,114.55,52.1,33.9,78.6,2509.2,TIDAK,347,31,292,24,YA,
239,2026-07-03 04:36:34,115.03,54.5,36.0,78.3,2495.7,TIDAK,347,31,292,24,YA,
240,2026-07-03 04:37:03,115.52,53.5,37.5,78.5,2501.7,TIDAK,347,31,292,24,YA,
241,2026-07-03 04:37:32,116.0,53.0,33.1,78.4,2495.4,TIDAK,347,31,292,24,YA,
242,2026-07-03 04:38:01,116.48,53.0,49.9,78.5,2499.2,TIDAK,347,31,292,24,YA,
243,2026-07-03 04:38:30,116.97,53.0,39.8,78.3,2497.0,TIDAK,347,31,292,24,YA,
244,2026-07-03 04:38:59,117.45,52.5,36.7,78.4,2499.6,TIDAK,347,31,292,24,YA,
245,2026-07-03 04:39:28,117.93,52.5,34.7,78.2,2499.4,TIDAK,347,31,292,24,YA,
246,2026-07-03 04:39:57,118.42,53.5,32.1,78.3,2497.9,TIDAK,347,31,292,24,YA,
247,2026-07-03 04:40:26,118.9,52.5,33.2,78.5,2506.9,TIDAK,347,31,292,24,YA,
248,2026-07-03 04:40:55,119.38,52.5,33.6,78.5,2504.2,TIDAK,347,31,292,24,YA,
249,2026-07-03 04:41:24,119.87,53.0,34.2,78.8,2514.3,TIDAK,347,31,292,24,YA,
250,2026-07-03 04:41:53,120.35,53.0,39.2,78.4,2497.9,TIDAK,347,31,292,24,YA,
251,2026-07-03 04:42:22,120.83,53.0,33.2,78.7,2507.3,TIDAK,347,31,292,24,YA,
252,2026-07-03 04:42:51,121.32,53.0,51.7,78.5,2497.6,TIDAK,347,31,292,24,YA,
253,2026-07-03 04:43:20,121.8,52.5,58.7,78.5,2498.5,TIDAK,347,31,292,24,YA,
254,2026-07-03 04:43:49,122.28,53.5,35.9,78.2,2492.2,TIDAK,347,31,292,24,YA,
255,2026-07-03 04:44:18,122.77,53.0,31.8,78.4,2501.2,TIDAK,347,31,292,24,YA,
256,2026-07-03 04:44:47,123.25,52.5,42.0,78.3,2496.4,TIDAK,347,31,292,24,YA,
257,2026-07-03 04:45:16,123.73,54.5,34.3,78.5,2504.9,TIDAK,347,31,292,24,YA,
258,2026-07-03 04:45:45,124.22,53.0,33.4,78.5,2504.5,TIDAK,347,31,292,24,YA,
259,2026-07-03 04:46:14,124.7,52.1,31.4,78.6,2506.5,TIDAK,347,31,292,24,YA,
260,2026-07-03 04:46:43,125.18,53.5,34.5,78.7,2507.3,TIDAK,347,31,292,24,YA,
261,2026-07-03 04:47:12,125.67,53.0,32.7,78.8,2507.8,TIDAK,347,31,292,24,YA,
262,2026-07-03 04:47:41,126.15,53.5,50.9,78.6,2500.9,TIDAK,347,31,292,24,YA,
263,2026-07-03 04:48:10,126.63,54.5,42.7,78.2,2493.8,TIDAK,347,31,292,24,YA,
264,2026-07-03 04:48:39,127.12,54.0,36.3,78.4,2499.1,TIDAK,347,31,292,24,YA,
265,2026-07-03 04:49:08,127.6,54.0,33.3,78.2,2497.8,TIDAK,347,31,292,24,YA,
266,2026-07-03 04:49:37,128.08,53.0,44.2,78.4,2498.8,TIDAK,347,31,292,24,YA,
267,2026-07-03 04:50:06,128.57,52.1,33.8,78.4,2497.6,TIDAK,347,31,292,24,YA,
268,2026-07-03 04:50:35,129.05,52.5,31.8,78.6,2506.2,TIDAK,347,31,292,24,YA,
269,2026-07-03 04:51:04,129.53,54.0,32.5,78.6,2507.8,TIDAK,347,31,292,24,YA,
270,2026-07-03 04:51:33,130.02,53.5,35.1,77.9,2478.5,TIDAK,347,31,292,24,YA,
271,2026-07-03 04:52:02,130.5,53.0,36.3,77.8,2471.4,TIDAK,347,31,292,24,YA,
272,2026-07-03 04:52:31,130.98,53.5,45.9,78.0,2479.1,TIDAK,347,31,292,24,YA,
273,2026-07-03 04:53:00,131.47,53.5,46.7,77.5,2469.7,TIDAK,347,31,292,24,YA,
274,2026-07-03 04:53:29,131.95,53.5,43.4,77.3,2459.6,TIDAK,347,31,292,24,YA,
275,2026-07-03 04:53:58,132.43,53.5,33.2,77.1,2449.7,TIDAK,347,31,292,24,YA,
276,2026-07-03 04:54:27,132.92,52.5,39.2,77.3,2457.4,TIDAK,347,31,292,24,YA,
277,2026-07-03 04:54:56,133.4,53.5,34.4,77.2,2453.4,TIDAK,347,31,292,24,YA,
278,2026-07-03 04:55:25,133.88,52.1,33.8,77.3,2456.8,TIDAK,347,31,292,24,YA,
279,2026-07-03 04:55:54,134.37,54.5,38.5,77.3,2456.1,TIDAK,347,31,292,24,YA,
280,2026-07-03 04:56:23,134.85,52.5,35.1,77.4,2460.6,TIDAK,347,31,292,24,YA,
281,2026-07-03 04:56:52,135.33,52.5,33.2,77.6,2462.0,TIDAK,347,31,292,24,YA,
282,2026-07-03 04:57:21,135.82,54.0,59.1,77.7,2465.8,TIDAK,347,31,292,24,YA,
283,2026-07-03 04:57:50,136.3,53.5,44.7,77.5,2464.0,TIDAK,347,31,292,24,YA,
284,2026-07-03 04:58:19,136.78,53.0,36.5,77.5,2468.1,TIDAK,347,31,292,24,YA,
285,2026-07-03 04:58:48,137.27,53.0,35.3,77.4,2463.6,TIDAK,347,31,292,24,YA,
286,2026-07-03 04:59:17,137.75,53.0,35.5,77.4,2461.0,TIDAK,347,31,292,24,YA,
287,2026-07-03 04:59:46,138.23,53.5,33.4,77.2,2454.2,TIDAK,347,31,292,24,YA,
288,2026-07-03 05:00:15,138.72,52.1,32.7,77.3,2459.6,TIDAK,347,31,292,24,YA,
289,2026-07-03 05:00:44,139.2,52.5,39.4,77.3,2458.5,TIDAK,347,31,292,24,YA,
290,2026-07-03 05:01:13,139.68,52.5,34.1,77.3,2456.1,TIDAK,347,31,292,24,YA,
291,2026-07-03 05:01:42,140.17,53.5,39.1,77.6,2464.0,TIDAK,347,31,292,24,YA,
292,2026-07-03 05:02:11,140.65,54.0,90.4,77.7,2468.8,TIDAK,347,31,292,24,YA,
293,2026-07-03 05:02:40,141.13,52.5,44.7,77.5,2466.5,TIDAK,347,31,292,24,YA,
294,2026-07-03 05:03:09,141.62,53.5,37.9,77.5,2466.8,TIDAK,347,31,292,24,YA,
295,2026-07-03 05:03:38,142.1,54.5,32.1,77.5,2466.9,TIDAK,347,31,292,24,YA,
296,2026-07-03 05:04:07,142.58,53.0,41.7,77.6,2470.2,TIDAK,347,31,292,24,YA,
297,2026-07-03 05:04:36,143.07,53.0,34.1,77.5,2469.1,TIDAK,347,31,292,24,YA,
298,2026-07-03 05:05:05,143.55,53.0,32.2,77.3,2459.7,TIDAK,347,31,292,24,YA,
299,2026-07-03 05:05:34,144.03,52.5,38.5,77.4,2459.8,TIDAK,347,31,292,24,YA,
300,2026-07-03 05:06:03,144.52,53.0,43.2,77.5,2463.4,TIDAK,347,31,292,24,YA,
301,2026-07-03 05:06:32,145.0,54.0,48.3,77.5,2462.1,TIDAK,347,31,292,24,YA,
302,2026-07-03 05:07:01,145.48,54.0,49.1,77.5,2466.6,TIDAK,347,31,292,24,YA,
303,2026-07-03 05:07:30,145.97,53.0,44.8,77.3,2461.3,TIDAK,347,31,292,24,YA,
304,2026-07-03 05:07:59,146.45,53.5,37.2,77.5,2466.6,TIDAK,347,31,292,24,YA,
305,2026-07-03 05:08:28,146.93,52.5,33.0,77.5,2468.1,TIDAK,347,31,292,24,YA,
306,2026-07-03 05:08:57,147.42,53.0,36.2,77.6,2472.3,TIDAK,347,31,292,24,YA,
307,2026-07-03 05:09:26,147.9,52.5,33.5,77.8,2476.8,TIDAK,347,31,292,24,YA,
308,2026-07-03 05:09:55,148.38,54.0,31.0,77.6,2471.7,TIDAK,347,31,292,24,YA,
309,2026-07-03 05:10:24,148.87,53.5,34.9,77.8,2478.8,TIDAK,347,31,292,24,YA,
310,2026-07-03 05:10:53,149.35,53.5,35.9,77.5,2463.1,TIDAK,347,31,292,24,YA,
311,2026-07-03 05:11:22,149.83,54.0,40.6,77.9,2477.1,TIDAK,347,31,292,24,YA,
312,2026-07-03 05:11:51,150.32,53.0,53.5,77.6,2464.8,TIDAK,347,31,292,24,YA,
313,2026-07-03 05:12:20,150.8,53.5,55.6,77.4,2463.7,TIDAK,347,31,292,24,YA,
314,2026-07-03 05:12:49,151.28,53.5,36.3,77.4,2463.2,TIDAK,347,31,292,24,YA,
315,2026-07-03 05:13:18,151.77,53.0,39.3,77.3,2464.6,TIDAK,347,31,292,24,YA,
316,2026-07-03 05:13:47,152.25,54.0,36.3,77.4,2465.5,TIDAK,347,31,292,24,YA,
317,2026-07-03 05:14:16,152.73,53.0,44.8,77.5,2467.0,TIDAK,347,31,292,24,YA,
318,2026-07-03 05:14:45,153.22,52.5,32.1,77.4,2464.5,TIDAK,347,31,292,24,YA,
319,2026-07-03 05:15:14,153.7,54.0,37.8,77.4,2464.3,TIDAK,347,31,292,24,YA,
320,2026-07-03 05:15:43,154.18,53.0,33.8,77.6,2467.9,TIDAK,347,31,292,24,YA,
321,2026-07-03 05:16:12,154.67,53.0,32.1,77.7,2471.2,TIDAK,347,31,292,24,YA,
322,2026-07-03 05:16:41,155.15,53.5,49.5,77.4,2458.3,TIDAK,347,31,292,24,YA,
323,2026-07-03 05:17:10,155.63,52.1,42.1,77.3,2459.1,TIDAK,347,31,292,24,YA,
324,2026-07-03 05:17:39,156.12,52.1,36.8,77.3,2463.4,TIDAK,347,31,292,24,YA,
325,2026-07-03 05:18:08,156.6,52.1,38.8,77.3,2460.5,TIDAK,347,31,292,24,YA,
326,2026-07-03 05:18:37,157.08,52.1,35.8,77.3,2460.9,TIDAK,347,31,292,24,YA,
327,2026-07-03 05:19:06,157.57,53.0,34.3,77.3,2462.4,TIDAK,347,31,292,24,YA,
328,2026-07-03 05:19:35,158.05,53.5,33.6,77.4,2463.1,TIDAK,347,31,292,24,YA,
329,2026-07-03 05:20:04,158.53,52.5,35.0,77.5,2467.6,TIDAK,347,31,292,24,YA,
330,2026-07-03 05:20:33,159.02,52.1,33.0,77.6,2470.1,TIDAK,347,31,292,24,YA,
331,2026-07-03 05:21:02,159.5,54.0,32.8,77.6,2467.5,TIDAK,347,31,292,24,YA,
332,2026-07-03 05:21:31,159.98,53.0,48.9,77.8,2474.5,TIDAK,347,31,292,24,YA,
333,2026-07-03 05:22:00,160.47,52.5,79.6,77.4,2463.9,TIDAK,347,31,292,24,YA,
334,2026-07-03 05:22:29,160.95,52.1,34.8,77.3,2464.5,TIDAK,347,31,292,24,YA,
335,2026-07-03 05:22:58,161.43,53.0,36.7,77.4,2464.4,TIDAK,347,31,292,24,YA,
336,2026-07-03 05:23:27,161.92,52.5,35.9,77.3,2462.6,TIDAK,347,31,292,24,YA,
337,2026-07-03 05:23:56,162.4,54.0,33.7,77.5,2467.5,TIDAK,347,31,292,24,YA,
338,2026-07-03 05:24:25,162.88,53.5,50.9,77.4,2464.8,TIDAK,347,31,292,24,YA,
339,2026-07-03 05:24:54,163.37,52.1,37.2,77.5,2470.4,TIDAK,347,31,292,24,YA,
340,2026-07-03 05:25:23,163.85,52.5,33.4,77.8,2476.4,TIDAK,347,31,292,24,YA,
341,2026-07-03 05:25:52,164.33,51.6,32.1,77.8,2474.9,TIDAK,347,31,292,24,YA,
342,2026-07-03 05:26:21,164.82,53.5,53.7,77.8,2475.8,TIDAK,347,31,292,24,YA,
343,2026-07-03 05:26:50,165.3,53.0,45.1,77.7,2476.5,TIDAK,347,31,292,24,YA,
344,2026-07-03 05:27:19,165.78,53.5,37.9,77.5,2471.7,TIDAK,347,31,292,24,YA,
345,2026-07-03 05:27:48,166.27,52.5,34.4,77.4,2466.1,TIDAK,347,31,292,24,YA,
346,2026-07-03 05:28:17,166.75,51.6,34.7,77.2,2461.3,TIDAK,347,31,292,24,YA,
347,2026-07-03 05:28:46,167.23,53.0,33.3,77.3,2465.2,TIDAK,347,31,292,24,YA,
348,2026-07-03 05:29:15,167.72,53.5,37.9,77.4,2465.1,TIDAK,347,31,292,24,YA,
349,2026-07-03 05:29:44,168.2,51.6,36.4,77.4,2468.6,TIDAK,347,31,292,24,YA,
350,2026-07-03 05:30:13,168.68,52.5,34.0,77.4,2465.5,TIDAK,347,31,292,24,YA,
351,2026-07-03 05:30:42,169.17,53.5,38.4,77.6,2469.6,TIDAK,347,31,292,24,YA,
352,2026-07-03 05:31:11,169.65,53.5,53.1,77.5,2466.1,TIDAK,347,31,292,24,YA,
353,2026-07-03 05:31:40,170.13,53.5,44.4,77.7,2477.9,TIDAK,347,31,292,24,YA,
354,2026-07-03 05:32:09,170.62,55.0,53.1,77.6,2474.7,TIDAK,347,31,292,24,YA,
355,2026-07-03 05:32:38,171.1,52.5,32.3,77.7,2479.7,TIDAK,347,31,292,24,YA,
356,2026-07-03 05:33:07,171.58,53.5,34.4,77.6,2476.3,TIDAK,347,31,292,24,YA,
357,2026-07-03 05:33:36,172.07,53.5,33.2,76.9,2454.0,TIDAK,347,31,292,24,YA,
358,2026-07-03 05:34:05,172.55,54.0,35.5,77.0,2450.4,TIDAK,347,31,292,24,YA,
359,2026-07-03 05:34:34,173.03,54.0,42.0,77.2,2457.7,TIDAK,347,31,292,24,YA,
360,2026-07-03 05:35:03,173.52,54.0,32.6,77.2,2457.8,TIDAK,347,31,292,24,YA,
361,2026-07-03 05:35:32,174.0,53.0,38.2,77.3,2456.8,TIDAK,347,31,292,24,YA,
362,2026-07-03 05:36:01,174.48,52.5,50.1,77.1,2453.2,TIDAK,347,31,292,24,YA,
363,2026-07-03 05:36:30,174.97,52.5,46.0,77.2,2460.9,TIDAK,347,31,292,24,YA,
364,2026-07-03 05:36:59,175.45,54.0,35.1,77.0,2456.7,TIDAK,347,31,292,24,YA,
365,2026-07-03 05:37:28,175.93,52.5,36.0,77.2,2461.3,TIDAK,347,31,292,24,YA,
366,2026-07-03 05:37:57,176.42,53.5,33.8,77.1,2456.1,TIDAK,347,31,292,24,YA,
367,2026-07-03 05:38:26,176.9,53.5,33.6,77.4,2468.4,TIDAK,347,31,292,24,YA,
368,2026-07-03 05:38:55,177.38,52.5,33.9,77.1,2457.8,TIDAK,347,31,292,24,YA,
369,2026-07-03 05:39:24,177.87,54.0,36.7,77.3,2462.1,TIDAK,347,31,292,24,YA,
370,2026-07-03 05:39:53,178.35,52.5,32.2,77.3,2460.8,TIDAK,347,31,292,24,YA,
371,2026-07-03 05:40:22,178.83,52.5,36.2,77.4,2465.0,TIDAK,347,31,292,24,YA,
372,2026-07-03 05:40:51,179.32,52.5,55.2,77.2,2456.4,TIDAK,347,31,292,24,YA,
373,2026-07-03 05:41:20,179.8,53.5,51.4,77.2,2461.3,TIDAK,347,31,292,24,YA,
374,2026-07-03 05:41:49,180.28,52.5,43.9,77.2,2458.3,TIDAK,347,31,292,24,YA,
375,2026-07-03 05:42:18,180.77,53.5,36.2,76.8,2443.3,TIDAK,347,31,292,24,YA,
376,2026-07-03 05:42:47,181.25,54.0,31.9,76.6,2437.3,TIDAK,347,31,292,24,YA,
377,2026-07-03 05:43:16,181.73,53.5,32.6,76.8,2442.3,TIDAK,347,31,292,24,YA,
378,2026-07-03 05:43:45,182.22,53.5,36.8,76.8,2439.4,TIDAK,347,31,292,24,YA,
379,2026-07-03 05:44:14,182.7,54.0,32.9,76.9,2444.3,TIDAK,347,31,292,24,YA,
380,2026-07-03 05:44:43,183.18,52.5,31.9,77.0,2445.2,TIDAK,347,31,292,24,YA,
381,2026-07-03 05:45:12,183.67,53.0,42.7,77.3,2456.6,TIDAK,347,31,292,24,YA,
382,2026-07-03 05:45:41,184.15,53.0,43.9,77.1,2446.5,TIDAK,347,31,292,24,YA,
383,2026-07-03 05:46:10,184.63,52.5,38.5,77.0,2447.8,TIDAK,347,31,292,24,YA,
384,2026-07-03 05:46:39,185.12,53.0,41.1,76.9,2444.3,TIDAK,347,31,292,24,YA,
385,2026-07-03 05:47:08,185.6,54.0,36.4,76.9,2447.6,TIDAK,347,31,292,24,YA,
386,2026-07-03 05:47:37,186.08,54.0,33.2,76.9,2448.0,TIDAK,347,31,292,24,YA,
387,2026-07-03 05:48:06,186.57,52.5,35.8,77.1,2451.9,TIDAK,347,31,292,24,YA,
388,2026-07-03 05:48:35,187.05,53.0,38.6,77.0,2449.0,TIDAK,347,31,292,24,YA,
389,2026-07-03 05:49:04,187.53,53.0,34.2,77.1,2452.4,TIDAK,347,31,292,24,YA,
390,2026-07-03 05:49:33,188.02,53.5,33.2,77.1,2452.9,TIDAK,347,31,292,24,YA,
391,2026-07-03 05:50:02,188.5,53.5,35.1,77.3,2454.4,TIDAK,347,31,292,24,YA,
392,2026-07-03 05:50:31,188.98,52.5,44.5,77.1,2449.2,TIDAK,347,31,292,24,YA,
393,2026-07-03 05:51:00,189.47,52.5,47.5,77.1,2453.5,TIDAK,347,31,292,24,YA,
394,2026-07-03 05:51:29,189.95,52.1,34.9,76.9,2447.8,TIDAK,347,31,292,24,YA,
395,2026-07-03 05:51:58,190.43,53.5,36.4,77.0,2450.8,TIDAK,347,31,292,24,YA,
396,2026-07-03 05:52:27,190.92,53.0,33.2,77.2,2457.9,TIDAK,347,31,292,24,YA,
397,2026-07-03 05:52:56,191.4,53.0,41.5,77.0,2452.0,TIDAK,347,31,292,24,YA,
398,2026-07-03 05:53:25,191.88,53.5,34.4,77.1,2454.5,TIDAK,347,31,292,24,YA,
399,2026-07-03 05:53:54,192.37,52.5,33.9,77.1,2452.2,TIDAK,347,31,292,24,YA,
400,2026-07-03 05:54:23,192.85,52.5,33.3,77.1,2451.3,TIDAK,347,31,292,24,YA,
401,2026-07-03 05:54:52,193.33,54.0,34.2,77.4,2458.6,TIDAK,347,31,292,24,YA,
402,2026-07-03 05:55:21,193.82,53.0,70.8,77.2,2458.9,TIDAK,347,31,292,24,YA,
403,2026-07-03 05:55:50,194.3,52.1,45.7,77.1,2454.5,TIDAK,347,31,292,24,YA,
404,2026-07-03 05:56:19,194.78,52.1,34.9,77.0,2450.8,TIDAK,347,31,292,24,YA,
405,2026-07-03 05:56:48,195.27,52.5,35.6,77.1,2453.9,TIDAK,347,31,292,24,YA,
406,2026-07-03 05:57:17,195.75,52.5,33.3,77.0,2451.8,TIDAK,347,31,292,24,YA,
407,2026-07-03 05:57:46,196.23,53.0,37.8,77.1,2455.2,TIDAK,347,31,292,24,YA,
408,2026-07-03 05:58:15,196.72,53.5,38.6,77.1,2453.0,TIDAK,347,31,292,24,YA,
409,2026-07-03 05:58:44,197.2,52.5,33.7,77.1,2454.5,TIDAK,347,31,292,24,YA,
410,2026-07-03 05:59:13,197.68,53.0,42.5,77.0,2449.5,TIDAK,347,31,292,24,YA,
411,2026-07-03 05:59:42,198.17,53.5,36.9,77.2,2451.0,TIDAK,347,31,292,24,YA,
412,2026-07-03 06:00:11,198.65,53.0,46.1,77.1,2449.8,TIDAK,347,31,292,24,YA,
413,2026-07-03 06:00:40,199.13,53.5,49.6,77.0,2452.1,TIDAK,347,31,292,24,YA,
414,2026-07-03 06:01:09,199.62,53.0,37.9,77.0,2450.8,TIDAK,347,31,292,24,YA,
415,2026-07-03 06:01:38,200.1,52.5,34.1,77.0,2451.8,TIDAK,347,31,292,24,YA,
416,2026-07-03 06:02:07,200.58,52.1,33.2,76.8,2449.7,TIDAK,347,31,292,24,YA,
417,2026-07-03 06:02:36,201.07,52.1,35.4,77.1,2455.1,TIDAK,347,31,292,24,YA,
418,2026-07-03 06:03:05,201.55,53.0,36.7,77.1,2456.2,TIDAK,347,31,292,24,YA,
419,2026-07-03 06:03:34,202.03,53.5,33.5,77.1,2456.4,TIDAK,347,31,292,24,YA,
420,2026-07-03 06:04:03,202.52,53.5,42.0,77.3,2460.9,TIDAK,347,31,292,24,YA,
421,2026-07-03 06:04:32,203.0,53.0,34.9,77.1,2451.5,TIDAK,347,31,292,24,YA,
422,2026-07-03 06:05:01,203.48,53.5,51.9,77.4,2460.6,TIDAK,347,31,292,24,YA,
423,2026-07-03 06:05:30,203.97,53.5,46.0,77.2,2458.0,TIDAK,347,31,292,24,YA,
424,2026-07-03 06:05:59,204.45,53.0,34.4,77.2,2458.4,TIDAK,347,31,292,24,YA,
425,2026-07-03 06:06:28,204.93,51.6,34.2,77.1,2456.3,TIDAK,347,31,292,24,YA,
426,2026-07-03 06:06:57,205.42,53.0,32.4,77.1,2456.8,TIDAK,347,31,292,24,YA,
427,2026-07-03 06:07:26,205.9,53.0,35.6,77.3,2462.9,TIDAK,347,31,292,24,YA,
428,2026-07-03 06:07:55,206.38,52.1,34.8,77.1,2456.5,TIDAK,347,31,292,24,YA,
429,2026-07-03 06:08:24,206.87,53.5,32.5,77.2,2456.1,TIDAK,347,31,292,24,YA,
430,2026-07-03 06:08:53,207.35,52.5,36.6,77.3,2459.4,TIDAK,347,31,292,24,YA,
431,2026-07-03 06:09:22,207.83,54.0,35.6,77.3,2457.8,TIDAK,347,31,292,24,YA,
432,2026-07-03 06:09:51,208.32,53.0,47.9,77.3,2458.4,TIDAK,347,31,292,24,YA,
433,2026-07-03 06:10:20,208.8,53.0,51.2,76.9,2451.7,TIDAK,347,31,292,24,YA,
434,2026-07-03 06:10:49,209.28,52.5,40.9,76.9,2448.9,TIDAK,347,31,292,24,YA,
435,2026-07-03 06:11:18,209.77,53.0,37.7,77.0,2451.8,TIDAK,347,31,292,24,YA,
436,2026-07-03 06:11:47,210.25,52.1,31.5,77.1,2453.9,TIDAK,347,31,292,24,YA,
437,2026-07-03 06:12:16,210.73,52.5,35.1,76.9,2447.3,TIDAK,347,31,292,24,YA,
438,2026-07-03 06:12:45,211.22,52.1,34.1,77.2,2457.6,TIDAK,347,31,292,24,YA,
439,2026-07-03 06:13:14,211.7,53.0,33.2,77.0,2450.3,TIDAK,347,31,292,24,YA,
440,2026-07-03 06:13:43,212.18,53.0,35.6,77.1,2453.1,TIDAK,347,31,292,24,YA,
441,2026-07-03 06:14:12,212.67,52.5,35.7,77.2,2455.5,TIDAK,347,31,292,24,YA,
442,2026-07-03 06:14:41,213.15,53.0,40.6,77.1,2451.0,TIDAK,347,31,292,24,YA,
443,2026-07-03 06:15:10,213.63,52.5,55.2,77.1,2454.8,TIDAK,347,31,292,24,YA,
444,2026-07-03 06:15:39,214.12,52.5,37.1,76.9,2448.8,TIDAK,347,31,292,24,YA,
445,2026-07-03 06:16:08,214.6,52.1,47.9,77.1,2455.0,TIDAK,347,31,292,24,YA,
446,2026-07-03 06:16:37,215.08,51.6,32.7,77.1,2455.3,TIDAK,347,31,292,24,YA,
447,2026-07-03 06:17:06,215.57,52.5,34.2,77.0,2452.2,TIDAK,347,31,292,24,YA,
448,2026-07-03 06:17:35,216.05,52.5,35.7,77.0,2453.6,TIDAK,347,31,292,24,YA,
449,2026-07-03 06:18:04,216.53,52.5,32.3,77.1,2454.7,TIDAK,347,31,292,24,YA,
450,2026-07-03 06:18:33,217.02,53.0,33.8,77.1,2455.2,TIDAK,347,31,292,24,YA,
451,2026-07-03 06:19:02,217.5,52.1,35.4,77.2,2453.8,TIDAK,347,31,292,24,YA,
452,2026-07-03 06:19:31,217.98,52.5,40.5,77.2,2453.3,TIDAK,347,31,292,24,YA,
453,2026-07-03 06:20:00,218.47,52.5,49.1,77.1,2455.8,TIDAK,347,31,292,24,YA,
454,2026-07-03 06:20:29,218.95,52.1,37.7,76.9,2453.8,TIDAK,347,31,292,24,YA,
455,2026-07-03 06:20:58,219.43,52.5,32.3,77.1,2457.3,TIDAK,347,31,292,24,YA,
456,2026-07-03 06:21:27,219.92,51.6,41.7,77.1,2460.3,TIDAK,347,31,292,24,YA,
457,2026-07-03 06:21:56,220.4,52.1,32.7,77.1,2458.0,TIDAK,347,31,292,24,YA,
458,2026-07-03 06:22:25,220.88,53.5,37.2,77.3,2459.6,TIDAK,347,31,292,24,YA,
459,2026-07-03 06:22:54,221.37,52.1,32.2,77.2,2459.4,TIDAK,347,31,292,24,YA,
460,2026-07-03 06:23:23,221.85,52.5,34.8,77.4,2465.9,TIDAK,347,31,292,24,YA,
461,2026-07-03 06:23:52,222.33,52.5,35.0,77.4,2460.8,TIDAK,347,31,292,24,YA,
462,2026-07-03 06:24:21,222.82,52.5,49.5,77.1,2459.8,TIDAK,347,31,292,24,YA,
463,2026-07-03 06:24:50,223.3,52.1,35.9,77.2,2462.2,TIDAK,347,31,292,24,YA,
464,2026-07-03 06:25:19,223.78,52.5,34.3,77.2,2462.1,TIDAK,347,31,292,24,YA,
465,2026-07-03 06:25:48,224.27,52.5,33.1,77.2,2463.4,TIDAK,347,31,292,24,YA,
466,2026-07-03 06:26:17,224.75,52.5,45.2,77.3,2467.1,TIDAK,347,31,292,24,YA,
467,2026-07-03 06:26:46,225.23,52.5,34.4,77.3,2464.2,TIDAK,347,31,292,24,YA,
468,2026-07-03 06:27:15,225.72,51.6,36.2,77.2,2461.5,TIDAK,347,31,292,24,YA,
469,2026-07-03 06:27:44,226.2,53.5,32.6,77.2,2463.1,TIDAK,347,31,292,24,YA,
470,2026-07-03 06:28:13,226.68,53.0,35.1,77.3,2462.6,TIDAK,347,31,292,24,YA,
471,2026-07-03 06:28:42,227.17,52.1,36.0,77.5,2467.5,TIDAK,347,31,292,24,YA,
472,2026-07-03 06:29:11,227.65,52.5,45.8,77.3,2460.0,TIDAK,347,31,292,24,YA,
473,2026-07-03 06:29:40,228.13,51.6,42.0,77.4,2467.9,TIDAK,347,31,292,24,YA,
474,2026-07-03 06:30:09,228.62,52.1,42.6,77.3,2466.1,TIDAK,347,31,292,24,YA,
475,2026-07-03 06:30:38,229.1,53.0,33.2,77.4,2470.1,TIDAK,347,31,292,24,YA,
476,2026-07-03 06:31:07,229.58,52.1,36.1,76.9,2449.7,TIDAK,347,31,292,24,YA,
477,2026-07-03 06:31:36,230.07,53.5,36.1,77.1,2456.8,TIDAK,347,31,292,24,YA,
478,2026-07-03 06:32:05,230.55,51.1,35.3,77.1,2456.6,TIDAK,347,31,292,24,YA,
479,2026-07-03 06:32:34,231.03,53.0,38.3,77.2,2463.2,TIDAK,347,31,292,24,YA,
480,2026-07-03 06:33:03,231.52,52.5,36.8,77.3,2464.5,TIDAK,347,31,292,24,YA,
481,2026-07-03 06:33:32,232.0,53.0,36.8,77.5,2466.4,TIDAK,347,31,292,24,YA,
482,2026-07-03 06:34:01,232.48,52.5,41.5,77.3,2462.0,TIDAK,347,31,292,24,YA,
483,2026-07-03 06:34:30,232.97,53.0,45.7,77.3,2470.7,TIDAK,347,31,292,24,YA,
484,2026-07-03 06:34:59,233.45,52.5,38.2,77.3,2465.3,TIDAK,347,31,292,24,YA,
485,2026-07-03 06:35:28,233.93,52.1,35.0,77.2,2467.3,TIDAK,347,31,292,24,YA,
486,2026-07-03 06:35:57,234.42,53.0,34.2,77.4,2469.7,TIDAK,347,31,292,24,YA,
487,2026-07-03 06:36:26,234.9,53.0,35.3,77.5,2477.3,TIDAK,347,31,292,24,YA,
488,2026-07-03 06:36:55,235.38,54.5,33.4,77.3,2467.2,TIDAK,347,31,292,24,YA,
489,2026-07-03 06:37:24,235.87,54.0,36.2,77.7,2480.7,TIDAK,347,31,292,24,YA,
490,2026-07-03 06:37:53,236.35,52.1,34.2,77.5,2472.9,TIDAK,347,31,292,24,YA,
491,2026-07-03 06:38:22,236.83,53.0,33.9,77.6,2476.4,TIDAK,347,31,292,24,YA,
492,2026-07-03 06:38:51,237.32,53.5,45.0,77.6,2470.5,TIDAK,347,31,292,24,YA,
493,2026-07-03 06:39:20,237.8,53.0,59.0,77.4,2476.0,TIDAK,347,31,292,24,YA,
494,2026-07-03 06:39:49,238.28,53.0,39.4,77.4,2461.4,TIDAK,347,31,292,24,YA,
495,2026-07-03 06:40:18,238.77,52.5,33.9,77.4,2469.1,TIDAK,347,31,292,24,YA,
496,2026-07-03 06:40:47,239.25,54.0,34.4,77.2,2461.0,TIDAK,347,31,292,24,YA,
497,2026-07-03 06:41:16,239.74,53.5,36.8,77.4,2467.0,TIDAK,347,31,292,24,YA,
498,2026-07-03 06:41:45,240.22,53.0,33.4,77.3,2463.5,TIDAK,347,31,292,24,YA,
499,2026-07-03 06:42:14,240.7,52.1,35.9,77.4,2468.0,TIDAK,347,31,292,24,YA,
500,2026-07-03 06:42:43,241.19,52.1,36.2,77.4,2466.8,TIDAK,347,31,292,24,YA,
501,2026-07-03 06:43:12,241.67,53.0,33.6,77.5,2470.2,TIDAK,347,31,292,24,YA,
502,2026-07-03 06:43:41,242.15,52.5,50.0,77.5,2466.2,TIDAK,347,31,292,24,YA,
503,2026-07-03 06:44:10,242.64,52.1,51.8,77.5,2470.6,TIDAK,347,31,292,24,YA,
504,2026-07-03 06:44:39,243.12,53.0,40.3,77.3,2464.8,TIDAK,347,31,292,24,YA,
505,2026-07-03 06:45:08,243.6,53.5,32.3,77.4,2466.7,TIDAK,347,31,292,24,YA,
506,2026-07-03 06:45:37,244.09,53.5,34.4,77.4,2467.7,TIDAK,347,31,292,24,YA,
507,2026-07-03 06:46:06,244.57,54.0,38.6,77.5,2472.0,TIDAK,347,31,292,24,YA,
508,2026-07-03 06:46:35,245.05,52.5,33.2,77.4,2469.1,TIDAK,347,31,292,24,YA,
509,2026-07-03 06:47:04,245.54,53.0,45.3,77.4,2468.5,TIDAK,347,31,292,24,YA,
510,2026-07-03 06:47:33,246.02,53.0,36.3,77.6,2471.9,TIDAK,347,31,292,24,YA,
511,2026-07-03 06:48:02,246.5,54.0,33.7,77.5,2468.6,TIDAK,347,31,292,24,YA,
512,2026-07-03 06:48:31,246.99,54.5,43.6,77.5,2467.4,TIDAK,347,31,292,24,YA,
513,2026-07-03 06:49:00,247.47,52.1,51.8,77.5,2468.5,TIDAK,347,31,292,24,YA,
514,2026-07-03 06:49:29,247.95,52.1,42.4,77.4,2471.1,TIDAK,347,31,292,24,YA,
515,2026-07-03 06:49:58,248.44,52.5,31.4,77.4,2467.5,TIDAK,347,31,292,24,YA,
516,2026-07-03 06:50:27,248.92,53.0,33.2,77.7,2474.8,TIDAK,347,31,292,24,YA,
517,2026-07-03 06:50:56,249.4,53.5,34.2,77.5,2473.6,TIDAK,347,31,292,24,YA,
518,2026-07-03 06:51:25,249.89,54.0,33.4,77.6,2474.5,TIDAK,347,31,292,24,YA,
519,2026-07-03 06:51:54,250.37,54.0,33.7,77.5,2471.9,TIDAK,347,31,292,24,YA,
520,2026-07-03 06:52:23,250.85,52.5,36.8,77.8,2481.2,TIDAK,347,31,292,24,YA,
521,2026-07-03 06:52:52,251.34,53.0,33.6,77.6,2471.5,TIDAK,347,31,292,24,YA,
522,2026-07-03 06:53:21,251.82,54.0,40.5,77.9,2482.1,TIDAK,347,31,292,24,YA,
523,2026-07-03 06:53:50,252.3,53.5,45.7,77.7,2476.7,TIDAK,347,31,292,24,YA,
524,2026-07-03 06:54:19,252.79,53.0,37.8,77.5,2472.3,TIDAK,347,31,292,24,YA,
525,2026-07-03 06:54:48,253.27,52.5,39.4,78.0,2473.4,TIDAK,347,31,292,24,YA,
526,2026-07-03 06:55:17,253.75,52.1,36.7,78.1,2474.6,TIDAK,347,31,292,24,YA,
527,2026-07-03 06:55:46,254.24,53.0,33.5,78.1,2476.4,TIDAK,347,31,292,24,YA,
528,2026-07-03 06:56:15,254.72,52.1,33.0,77.6,2476.2,TIDAK,347,31,292,24,YA,
529,2026-07-03 06:56:44,255.2,53.0,33.7,77.7,2480.7,TIDAK,347,31,292,24,YA,
530,2026-07-03 06:57:13,255.69,52.5,44.6,77.7,2477.8,TIDAK,347,31,292,24,YA,
531,2026-07-03 06:57:42,256.17,52.5,33.3,77.7,2478.2,TIDAK,347,31,292,24,YA,
532,2026-07-03 06:58:11,256.65,53.5,45.7,77.7,2473.4,TIDAK,347,31,292,24,YA,
533,2026-07-03 06:58:40,257.14,52.1,52.2,77.6,2474.3,TIDAK,347,31,292,24,YA,
534,2026-07-03 06:59:09,257.62,53.0,37.6,77.5,2472.2,TIDAK,347,31,292,24,YA,
535,2026-07-03 06:59:38,258.1,52.5,34.6,77.6,2474.5,TIDAK,347,31,292,24,YA,
536,2026-07-03 07:00:07,258.59,53.5,36.0,77.4,2470.5,TIDAK,347,31,292,24,YA,
537,2026-07-03 07:00:36,259.07,52.5,35.9,77.6,2474.6,TIDAK,347,31,292,24,YA,
538,2026-07-03 07:01:05,259.55,52.1,41.1,77.5,2472.1,TIDAK,347,31,292,24,YA,
539,2026-07-03 07:01:34,260.04,53.5,34.4,77.6,2476.0,TIDAK,347,31,292,24,YA,
540,2026-07-03 07:02:03,260.52,53.5,38.6,77.7,2477.1,TIDAK,347,31,292,24,YA,
541,2026-07-03 07:02:32,261.0,52.1,32.1,77.8,2481.3,TIDAK,347,31,292,24,YA,
542,2026-07-03 07:03:01,261.49,53.5,45.0,77.9,2481.5,TIDAK,347,31,292,24,YA,
543,2026-07-03 07:03:30,261.97,53.5,38.6,77.6,2479.2,TIDAK,347,31,292,24,YA,
544,2026-07-03 07:03:59,262.45,53.0,36.9,77.6,2475.9,TIDAK,347,31,292,24,YA,
545,2026-07-03 07:04:28,262.94,52.5,34.3,77.6,2482.7,TIDAK,347,31,292,24,YA,
546,2026-07-03 07:04:57,263.42,54.0,35.4,77.5,2475.3,TIDAK,347,31,292,24,YA,
547,2026-07-03 07:05:26,263.9,52.5,34.2,77.6,2480.2,TIDAK,347,31,292,24,YA,
548,2026-07-03 07:05:55,264.39,52.1,39.4,77.5,2473.0,TIDAK,347,31,292,24,YA,
549,2026-07-03 07:06:24,264.87,52.1,34.8,77.8,2483.1,TIDAK,347,31,292,24,YA,
550,2026-07-03 07:06:53,265.35,53.0,33.6,77.6,2475.8,TIDAK,347,31,292,24,YA,
551,2026-07-03 07:07:22,265.84,53.5,42.4,77.9,2487.4,TIDAK,347,31,292,24,YA,
552,2026-07-03 07:07:51,266.32,52.1,50.8,77.8,2478.4,TIDAK,347,31,292,24,YA,
553,2026-07-03 07:08:20,266.8,53.5,64.9,77.5,2476.4,TIDAK,347,31,292,24,YA,
554,2026-07-03 07:08:49,267.29,53.5,35.8,77.5,2474.6,TIDAK,347,31,292,24,YA,
555,2026-07-03 07:09:18,267.77,52.1,32.7,77.4,2473.0,TIDAK,347,31,292,24,YA,
556,2026-07-03 07:09:47,268.25,53.0,35.0,77.5,2475.7,TIDAK,347,31,292,24,YA,
557,2026-07-03 07:10:16,268.74,52.5,33.4,77.6,2476.2,TIDAK,347,31,292,24,YA,
558,2026-07-03 07:10:45,269.22,53.0,36.1,77.5,2473.8,TIDAK,347,31,292,24,YA,
559,2026-07-03 07:11:14,269.7,53.0,33.4,77.6,2478.9,TIDAK,347,31,292,24,YA,
560,2026-07-03 07:11:43,270.19,53.0,35.6,77.6,2475.9,TIDAK,347,31,292,24,YA,
561,2026-07-03 07:12:12,270.67,54.5,41.1,77.6,2476.3,TIDAK,347,31,292,24,YA,
562,2026-07-03 07:12:41,271.15,53.5,43.2,77.6,2473.0,TIDAK,347,31,292,24,YA,
563,2026-07-03 07:13:10,271.64,53.0,40.9,77.6,2477.6,TIDAK,347,31,292,24,YA,
564,2026-07-03 07:13:39,272.12,53.5,34.9,77.5,2473.3,TIDAK,347,31,292,24,YA,
565,2026-07-03 07:14:08,272.6,53.0,35.2,77.5,2476.1,TIDAK,347,31,292,24,YA,
566,2026-07-03 07:14:37,273.09,52.5,36.8,77.5,2473.5,TIDAK,347,31,292,24,YA,
567,2026-07-03 07:15:06,273.57,53.0,33.2,77.6,2477.8,TIDAK,347,31,292,24,YA,
568,2026-07-03 07:15:35,274.05,52.5,34.4,77.6,2476.2,TIDAK,347,31,292,24,YA,
569,2026-07-03 07:16:04,274.54,53.0,33.2,77.7,2481.1,TIDAK,347,31,292,24,YA,
570,2026-07-03 07:16:33,275.02,53.5,36.0,77.6,2476.8,TIDAK,347,31,292,24,YA,
571,2026-07-03 07:17:02,275.5,53.0,38.2,77.8,2483.1,TIDAK,347,31,292,24,YA,
572,2026-07-03 07:17:31,275.99,53.5,51.8,77.8,2481.8,TIDAK,347,31,292,24,YA,
573,2026-07-03 07:18:00,276.47,53.5,57.9,77.7,2483.6,TIDAK,347,31,292,24,YA,
574,2026-07-03 07:18:29,276.95,53.0,45.4,77.5,2477.4,TIDAK,347,31,292,24,YA,
575,2026-07-03 07:18:58,277.44,52.1,32.1,77.6,2479.5,TIDAK,347,31,292,24,YA,
576,2026-07-03 07:19:27,277.92,53.0,33.7,77.6,2482.7,TIDAK,347,31,292,24,YA,
577,2026-07-03 07:19:56,278.4,53.5,33.2,77.6,2480.0,TIDAK,347,31,292,24,YA,
578,2026-07-03 07:20:25,278.89,53.0,34.6,77.7,2480.3,TIDAK,347,31,292,24,YA,
579,2026-07-03 07:20:54,279.37,52.5,33.1,77.8,2484.2,TIDAK,347,31,292,24,YA,
580,2026-07-03 07:21:23,279.85,52.5,34.3,77.7,2478.2,TIDAK,347,31,292,24,YA,
581,2026-07-03 07:21:52,280.34,52.1,35.4,77.8,2483.8,TIDAK,347,31,292,24,YA,
582,2026-07-03 07:22:21,280.82,53.5,38.2,77.8,2479.4,TIDAK,347,31,292,24,YA,
583,2026-07-03 07:22:50,281.3,53.5,55.0,77.9,2483.6,TIDAK,347,31,292,24,YA,
584,2026-07-03 07:23:19,281.79,52.5,40.0,77.6,2478.1,TIDAK,347,31,292,24,YA,
585,2026-07-03 07:23:48,282.27,53.0,35.9,77.7,2483.4,TIDAK,347,31,292,24,YA,
586,2026-07-03 07:24:17,282.75,51.6,35.8,77.5,2477.7,TIDAK,347,31,292,24,YA,
587,2026-07-03 07:24:46,283.24,53.5,33.3,77.5,2479.3,TIDAK,347,31,292,24,YA,
588,2026-07-03 07:25:15,283.72,52.5,34.2,77.7,2480.4,TIDAK,347,31,292,24,YA,
589,2026-07-03 07:25:44,284.2,53.0,34.2,77.7,2482.7,TIDAK,347,31,292,24,YA,
590,2026-07-03 07:26:13,284.69,53.0,36.5,77.6,2480.9,TIDAK,347,31,292,24,YA,
591,2026-07-03 07:26:42,285.17,53.5,34.6,77.9,2488.2,TIDAK,347,31,292,24,YA,
592,2026-07-03 07:27:11,285.65,54.0,40.9,77.9,2483.6,TIDAK,347,31,292,24,YA,
593,2026-07-03 07:27:40,286.14,53.5,52.7,77.8,2486.0,TIDAK,347,31,292,24,YA,
594,2026-07-03 07:28:09,286.62,53.0,53.7,77.7,2482.4,TIDAK,347,31,292,24,YA,
595,2026-07-03 07:28:38,287.1,52.5,34.7,77.7,2485.3,TIDAK,347,31,292,24,YA,
596,2026-07-03 07:29:07,287.59,53.5,33.1,77.9,2489.0,TIDAK,347,31,292,24,YA,
597,2026-07-03 07:29:36,288.07,53.5,43.0,77.7,2484.5,TIDAK,347,31,292,24,YA,
598,2026-07-03 07:30:05,288.55,52.5,32.4,77.7,2483.7,TIDAK,347,31,292,24,YA,
599,2026-07-03 07:30:34,289.04,53.0,33.9,77.8,2487.9,TIDAK,347,31,292,24,YA,
600,2026-07-03 07:31:03,289.52,53.0,34.5,77.7,2482.7,TIDAK,347,31,292,24,YA,
601,2026-07-03 07:31:32,290.0,53.0,37.1,77.8,2486.1,TIDAK,347,31,292,24,YA,
602,2026-07-03 07:32:01,290.49,53.5,41.5,77.9,2484.9,TIDAK,347,31,292,24,YA,
603,2026-07-03 07:32:30,290.97,52.1,49.5,78.0,2490.7,TIDAK,347,31,292,24,YA,
604,2026-07-03 07:32:59,291.45,55.0,39.8,77.8,2487.5,TIDAK,347,31,292,24,YA,
605,2026-07-03 07:33:28,291.94,51.6,34.6,77.8,2488.2,TIDAK,347,31,292,24,YA,
606,2026-07-03 07:33:57,292.42,53.0,32.3,78.9,2529.5,TIDAK,347,31,292,24,YA,
607,2026-07-03 07:34:26,292.9,53.5,37.9,78.7,2524.2,TIDAK,347,31,292,24,YA,
608,2026-07-03 07:34:55,293.39,52.5,34.6,78.7,2521.4,TIDAK,347,31,292,24,YA,
609,2026-07-03 07:35:24,293.87,52.5,35.9,79.0,2533.1,TIDAK,347,31,292,24,YA,
610,2026-07-03 07:35:53,294.35,52.1,35.0,78.8,2524.7,TIDAK,347,31,292,24,YA,
611,2026-07-03 07:36:22,294.84,53.5,33.8,79.0,2531.6,TIDAK,347,31,292,24,YA,
612,2026-07-03 07:36:51,295.32,53.5,37.4,79.0,2527.6,TIDAK,347,31,292,24,YA,
613,2026-07-03 07:37:20,295.8,53.0,59.8,78.7,2518.0,TIDAK,347,31,292,24,YA,
614,2026-07-03 07:37:49,296.29,53.0,37.5,78.4,2513.8,TIDAK,347,31,292,24,YA,
615,2026-07-03 07:38:18,296.77,52.1,33.0,78.5,2514.4,TIDAK,347,31,292,24,YA,
616,2026-07-03 07:38:47,297.25,53.0,39.3,78.3,2507.9,TIDAK,347,31,292,24,YA,
617,2026-07-03 07:39:16,297.74,53.5,35.3,78.4,2513.2,TIDAK,347,31,292,24,YA,
618,2026-07-03 07:39:45,298.22,52.5,42.8,78.4,2511.8,TIDAK,347,31,292,24,YA,
619,2026-07-03 07:40:14,298.7,53.5,33.3,78.4,2511.3,TIDAK,347,31,292,24,YA,
620,2026-07-03 07:40:43,299.19,52.5,41.1,78.4,2509.8,TIDAK,347,31,292,24,YA,
621,2026-07-03 07:41:12,299.67,52.1,33.8,78.5,2510.9,TIDAK,347,31,292,24,YA,
622,2026-07-03 07:41:41,300.15,52.5,36.5,78.6,2514.4,TIDAK,347,31,292,24,YA,
623,2026-07-03 07:42:10,300.64,53.0,50.9,78.6,2513.0,TIDAK,347,31,292,24,YA,
624,2026-07-03 07:42:39,301.12,54.5,40.5,78.3,2508.1,TIDAK,347,31,292,24,YA,
625,2026-07-03 07:43:08,301.6,53.5,32.0,78.3,2507.2,TIDAK,347,31,292,24,YA,
626,2026-07-03 07:43:37,302.09,53.5,33.4,78.3,2512.4,TIDAK,347,31,292,24,YA,
627,2026-07-03 07:44:06,302.57,53.0,34.0,78.5,2513.8,TIDAK,347,31,292,24,YA,
628,2026-07-03 07:44:35,303.05,53.0,33.8,78.6,2517.1,TIDAK,347,31,292,24,YA,
629,2026-07-03 07:45:04,303.54,52.5,33.3,78.4,2512.0,TIDAK,347,31,292,24,YA,
630,2026-07-03 07:45:33,304.02,53.0,39.0,78.4,2510.4,TIDAK,347,31,292,24,YA,
631,2026-07-03 07:46:02,304.5,53.0,33.2,78.4,2510.6,TIDAK,347,31,292,24,YA,
632,2026-07-03 07:46:31,304.99,54.0,39.8,78.6,2514.0,TIDAK,347,31,292,24,YA,
633,2026-07-03 07:47:00,305.47,53.5,55.0,78.6,2513.6,TIDAK,347,31,292,24,YA,
634,2026-07-03 07:47:29,305.95,52.1,39.0,78.4,2516.2,TIDAK,347,31,292,24,YA,
635,2026-07-03 07:47:58,306.44,53.5,33.4,78.5,2515.2,TIDAK,347,31,292,24,YA,
636,2026-07-03 07:48:27,306.92,54.0,32.2,78.5,2521.4,TIDAK,347,31,292,24,YA,
637,2026-07-03 07:48:56,307.4,53.5,45.5,78.6,2518.9,TIDAK,347,31,292,24,YA,
638,2026-07-03 07:49:25,307.89,53.0,34.1,78.7,2520.4,TIDAK,347,31,292,24,YA,
639,2026-07-03 07:49:54,308.37,52.5,33.2,78.5,2513.2,TIDAK,347,31,292,24,YA,
640,2026-07-03 07:50:23,308.85,52.1,38.2,78.6,2516.5,TIDAK,347,31,292,24,YA,
641,2026-07-03 07:50:52,309.34,52.1,34.8,78.8,2521.2,TIDAK,347,31,292,24,YA,
642,2026-07-03 07:51:21,309.82,54.0,37.2,78.6,2512.9,TIDAK,347,31,292,24,YA,
643,2026-07-03 07:51:50,310.3,53.0,54.9,78.6,2514.5,TIDAK,347,31,292,24,YA,
644,2026-07-03 07:52:19,310.79,52.1,41.5,78.4,2511.3,TIDAK,347,31,292,24,YA,
645,2026-07-03 07:52:48,311.27,52.5,32.5,78.5,2516.0,TIDAK,347,31,292,24,YA,
646,2026-07-03 07:53:17,311.75,53.5,38.0,78.6,2518.6,TIDAK,347,31,292,24,YA,
647,2026-07-03 07:53:46,312.24,54.0,34.2,78.6,2519.0,TIDAK,347,31,292,24,YA,
648,2026-07-03 07:54:15,312.72,51.6,32.7,78.5,2517.8,TIDAK,347,31,292,24,YA,
649,2026-07-03 07:54:44,313.2,53.5,33.2,78.6,2520.2,TIDAK,347,31,292,24,YA,
650,2026-07-03 07:55:13,313.69,53.0,36.4,78.6,2518.8,TIDAK,347,31,292,24,YA,
651,2026-07-03 07:55:42,314.17,53.5,36.1,78.7,2520.8,TIDAK,347,31,292,24,YA,
652,2026-07-03 07:56:11,314.65,53.0,39.2,78.8,2523.5,TIDAK,347,31,292,24,YA,
653,2026-07-03 07:56:40,315.14,52.1,52.0,78.8,2520.2,TIDAK,347,31,292,24,YA,
654,2026-07-03 07:57:09,315.62,53.5,42.8,78.5,2517.3,TIDAK,347,31,292,24,YA,
655,2026-07-03 07:57:38,316.1,51.6,33.6,78.5,2515.1,TIDAK,347,31,292,24,YA,
656,2026-07-03 07:58:07,316.59,52.5,40.9,78.7,2523.7,TIDAK,347,31,292,24,YA,
657,2026-07-03 07:58:36,317.07,53.5,38.1,78.6,2518.9,TIDAK,347,31,292,24,YA,
658,2026-07-03 07:59:05,317.55,52.1,33.2,78.7,2523.6,TIDAK,347,31,292,24,YA,
659,2026-07-03 07:59:34,318.04,53.5,33.3,78.5,2518.1,TIDAK,347,31,292,24,YA,
660,2026-07-03 08:00:03,318.52,52.5,35.1,78.6,2519.3,TIDAK,347,31,292,24,YA,
661,2026-07-03 08:00:32,319.0,52.5,34.6,78.8,2524.3,TIDAK,347,31,292,24,YA,
662,2026-07-03 08:01:01,319.49,53.0,33.0,78.7,2519.3,TIDAK,347,31,292,24,YA,
663,2026-07-03 08:01:30,319.97,53.0,50.8,78.8,2523.7,TIDAK,347,31,292,24,YA,
664,2026-07-03 08:01:59,320.45,52.5,43.1,78.5,2516.1,TIDAK,347,31,292,24,YA,
665,2026-07-03 08:02:28,320.94,53.0,32.2,78.6,2523.6,TIDAK,347,31,292,24,YA,
666,2026-07-03 08:02:57,321.42,52.1,38.1,78.5,2518.1,TIDAK,347,31,292,24,YA,
667,2026-07-03 08:03:26,321.9,53.5,34.9,78.7,2525.2,TIDAK,347,31,292,24,YA,
668,2026-07-03 08:03:55,322.39,53.5,33.8,78.6,2521.2,TIDAK,347,31,292,24,YA,
669,2026-07-03 08:04:24,322.87,53.5,41.5,78.8,2527.2,TIDAK,347,31,292,24,YA,
670,2026-07-03 08:04:53,323.35,52.5,35.4,78.6,2523.0,TIDAK,347,31,292,24,YA,
671,2026-07-03 08:05:22,323.84,53.0,34.3,79.2,2533.1,TIDAK,347,31,292,24,YA,
672,2026-07-03 08:05:51,324.32,53.5,44.5,78.8,2522.7,TIDAK,347,31,292,24,YA,
673,2026-07-03 08:06:20,324.8,53.0,55.6,78.6,2524.0,TIDAK,347,31,292,24,YA,
674,2026-07-03 08:06:49,325.29,53.5,37.1,78.5,2516.9,TIDAK,347,31,292,24,YA,
675,2026-07-03 08:07:18,325.77,53.5,32.2,78.6,2520.6,TIDAK,347,31,292,24,YA,
676,2026-07-03 08:07:47,326.25,52.1,34.1,78.5,2517.1,TIDAK,347,31,292,24,YA,
677,2026-07-03 08:08:16,326.74,53.0,37.3,78.5,2517.1,TIDAK,347,31,292,24,YA,
678,2026-07-03 08:08:45,327.22,54.5,43.1,78.6,2523.0,TIDAK,347,31,292,24,YA,
679,2026-07-03 08:09:14,327.7,54.5,42.7,78.7,2526.7,TIDAK,347,31,292,24,YA,
680,2026-07-03 08:09:43,328.19,52.1,36.0,78.6,2520.4,TIDAK,347,31,292,24,YA,
681,2026-07-03 08:10:12,328.67,54.5,33.9,78.7,2523.0,TIDAK,347,31,292,24,YA,
682,2026-07-03 08:10:41,329.15,53.5,34.7,78.7,2519.8,TIDAK,347,31,292,24,YA,
683,2026-07-03 08:11:10,329.64,53.0,55.4,78.7,2521.2,TIDAK,347,31,292,24,YA,
684,2026-07-03 08:11:39,330.12,53.0,34.6,78.4,2513.9,TIDAK,347,31,292,24,YA,
685,2026-07-03 08:12:08,330.6,53.0,33.6,78.5,2516.9,TIDAK,347,31,292,24,YA,
686,2026-07-03 08:12:37,331.09,53.0,36.4,78.5,2516.3,TIDAK,347,31,292,24,YA,
687,2026-07-03 08:13:06,331.57,52.5,34.5,78.7,2523.7,TIDAK,347,31,292,24,YA,
688,2026-07-03 08:13:35,332.05,54.5,33.7,78.5,2518.7,TIDAK,347,31,292,24,YA,
689,2026-07-03 08:14:04,332.54,54.0,35.5,78.7,2525.1,TIDAK,347,31,292,24,YA,
690,2026-07-03 08:14:33,333.02,53.0,35.4,78.6,2523.3,TIDAK,347,31,292,24,YA,
691,2026-07-03 08:15:02,333.5,53.0,33.0,78.7,2522.7,TIDAK,347,31,292,24,YA,
692,2026-07-03 08:15:31,333.99,54.0,43.2,78.8,2525.3,TIDAK,347,31,292,24,YA,
693,2026-07-03 08:16:00,334.47,53.0,87.4,78.7,2520.3,TIDAK,347,31,292,24,YA,
694,2026-07-03 08:16:29,334.95,53.0,43.1,78.5,2522.9,TIDAK,347,31,292,24,YA,
695,2026-07-03 08:16:58,335.44,54.5,33.0,78.4,2518.8,TIDAK,347,31,292,24,YA,
696,2026-07-03 08:17:27,335.92,54.0,48.2,78.6,2525.1,TIDAK,347,31,292,24,YA,
697,2026-07-03 08:17:56,336.4,53.0,34.2,78.7,2526.1,TIDAK,347,31,292,24,YA,
698,2026-07-03 08:18:25,336.89,53.5,33.8,78.8,2525.6,TIDAK,347,31,292,24,YA,
699,2026-07-03 08:18:54,337.37,53.0,33.2,78.8,2526.1,TIDAK,347,31,292,24,YA,
700,2026-07-03 08:19:23,337.85,53.0,42.5,78.8,2525.6,TIDAK,347,31,292,24,YA,
701,2026-07-03 08:19:52,338.34,53.5,33.9,78.7,2523.8,TIDAK,347,31,292,24,YA,
702,2026-07-03 08:20:21,338.82,54.5,67.9,79.0,2530.7,TIDAK,347,31,292,24,YA,
703,2026-07-03 08:20:50,339.3,53.5,55.2,78.8,2523.0,TIDAK,347,31,292,24,YA,
704,2026-07-03 08:21:19,339.79,53.0,43.9,78.7,2526.3,TIDAK,347,31,292,24,YA,
705,2026-07-03 08:21:48,340.27,52.1,36.4,78.6,2521.8,TIDAK,347,31,292,24,YA,
706,2026-07-03 08:22:17,340.75,51.6,36.2,78.6,2524.0,TIDAK,347,31,292,24,YA,
707,2026-07-03 08:22:46,341.24,52.5,32.5,78.6,2526.9,TIDAK,347,31,292,24,YA,
708,2026-07-03 08:23:15,341.72,53.5,33.2,78.7,2526.6,TIDAK,347,31,292,24,YA,
709,2026-07-03 08:23:44,342.2,53.0,34.3,78.7,2524.6,TIDAK,347,31,292,24,YA,
710,2026-07-03 08:24:13,342.69,51.1,34.2,78.7,2526.6,TIDAK,347,31,292,24,YA,
711,2026-07-03 08:24:42,343.17,53.0,33.5,78.8,2524.5,TIDAK,347,31,292,24,YA,
712,2026-07-03 08:25:11,343.65,53.5,34.0,78.9,2528.8,TIDAK,347,31,292,24,YA,
713,2026-07-03 08:25:40,344.14,52.5,54.1,78.8,2523.4,TIDAK,347,31,292,24,YA,
714,2026-07-03 08:26:09,344.62,53.5,43.4,78.8,2529.2,TIDAK,347,31,292,24,YA,
715,2026-07-03 08:26:38,345.1,53.5,39.0,78.8,2529.1,TIDAK,347,31,292,24,YA,
716,2026-07-03 08:27:07,345.59,53.5,36.2,78.7,2526.8,TIDAK,347,31,292,24,YA,
717,2026-07-03 08:27:36,346.07,54.5,33.5,78.9,2532.7,TIDAK,347,31,292,24,YA,
718,2026-07-03 08:28:05,346.55,54.0,34.8,78.7,2524.8,TIDAK,347,31,292,24,YA,
719,2026-07-03 08:28:34,347.04,53.5,34.4,78.7,2526.2,TIDAK,347,31,292,24,YA,
720,2026-07-03 08:29:03,347.52,52.5,33.9,78.9,2534.1,TIDAK,347,31,292,24,YA,
721,2026-07-03 08:29:32,348.0,52.1,42.9,78.8,2529.1,TIDAK,347,31,292,24,YA,
722,2026-07-03 08:30:01,348.49,53.0,34.9,78.8,2526.1,TIDAK,347,31,292,24,YA,
723,2026-07-03 08:30:30,348.97,53.0,51.3,78.9,2530.3,TIDAK,347,31,292,24,YA,
724,2026-07-03 08:30:59,349.45,52.1,34.0,78.6,2526.7,TIDAK,347,31,292,24,YA,
725,2026-07-03 08:31:28,349.94,54.0,36.5,78.7,2530.2,TIDAK,347,31,292,24,YA,
726,2026-07-03 08:31:57,350.42,52.5,34.7,78.7,2529.5,TIDAK,347,31,292,24,YA,
727,2026-07-03 08:32:26,350.9,52.1,33.2,78.7,2530.4,TIDAK,347,31,292,24,YA,
728,2026-07-03 08:32:55,351.39,54.0,41.9,78.7,2527.5,TIDAK,347,31,292,24,YA,
729,2026-07-03 08:33:24,351.87,53.5,37.5,79.1,2541.0,TIDAK,347,31,292,24,YA,
730,2026-07-03 08:33:53,352.35,52.5,33.5,78.7,2527.1,TIDAK,347,31,292,24,YA,
731,2026-07-03 08:34:22,352.84,54.0,33.9,79.0,2536.2,TIDAK,347,31,292,24,YA,
732,2026-07-03 08:34:51,353.32,53.0,39.2,79.0,2532.4,TIDAK,347,31,292,24,YA,
733,2026-07-03 08:35:20,353.8,54.5,53.2,78.8,2535.1,TIDAK,347,31,292,24,YA,
734,2026-07-03 08:35:49,354.29,54.0,35.6,78.7,2529.0,TIDAK,347,31,292,24,YA,
735,2026-07-03 08:36:18,354.77,53.0,34.5,78.8,2532.3,TIDAK,347,31,292,24,YA,
736,2026-07-03 08:36:47,355.25,52.1,33.2,78.7,2529.8,TIDAK,347,31,292,24,YA,
737,2026-07-03 08:37:16,355.74,53.0,32.2,78.8,2531.2,TIDAK,347,31,292,24,YA,
738,2026-07-03 08:37:45,356.22,52.5,37.5,78.7,2528.2,TIDAK,347,31,292,24,YA,
739,2026-07-03 08:38:14,356.7,52.5,32.8,78.9,2534.7,TIDAK,347,31,292,24,YA,
740,2026-07-03 08:38:43,357.19,52.1,35.3,78.7,2529.3,TIDAK,347,31,292,24,YA,
741,2026-07-03 08:39:12,357.67,54.0,32.4,78.9,2532.5,TIDAK,347,31,292,24,YA,
742,2026-07-03 08:39:41,358.15,53.0,43.2,79.0,2534.0,TIDAK,347,31,292,24,YA,
743,2026-07-03 08:40:10,358.64,53.0,85.2,78.9,2530.9,TIDAK,347,31,292,24,YA,
744,2026-07-03 08:40:39,359.12,53.0,35.6,78.6,2530.1,TIDAK,347,31,292,24,YA,
745,2026-07-03 08:41:08,359.6,52.5,36.0,78.9,2535.1,TIDAK,347,31,292,24,YA,
746,2026-07-03 08:41:37,360.09,51.6,36.7,78.8,2533.7,TIDAK,347,31,292,24,YA,
747,2026-07-03 08:42:06,360.57,53.0,33.2,78.7,2534.3,TIDAK,347,31,292,24,YA,
748,2026-07-03 08:42:35,361.05,52.1,37.9,78.8,2533.4,TIDAK,347,31,292,24,YA,
749,2026-07-03 08:43:04,361.54,51.1,33.8,78.9,2535.0,TIDAK,347,31,292,24,YA,
750,2026-07-03 08:43:33,362.02,52.5,33.9,78.8,2531.5,TIDAK,347,31,292,24,YA,
751,2026-07-03 08:44:02,362.5,52.5,40.4,79.0,2536.0,TIDAK,347,31,292,24,YA,
752,2026-07-03 08:44:31,362.99,53.0,41.0,79.1,2537.3,TIDAK,347,31,292,24,YA,
753,2026-07-03 08:45:00,363.47,52.1,56.4,78.9,2530.8,TIDAK,347,31,292,24,YA,
754,2026-07-03 08:45:29,363.95,52.5,45.2,78.8,2535.2,TIDAK,347,31,292,24,YA,
755,2026-07-03 08:45:58,364.44,53.0,40.6,78.9,2536.2,TIDAK,347,31,292,24,YA,
756,2026-07-03 08:46:27,364.92,53.5,33.7,78.7,2533.9,TIDAK,347,31,292,24,YA,
757,2026-07-03 08:46:56,365.4,52.5,32.6,78.8,2532.2,TIDAK,347,31,292,24,YA,
758,2026-07-03 08:47:25,365.89,54.0,35.3,79.1,2547.2,TIDAK,347,31,292,24,YA,
759,2026-07-03 08:47:54,366.37,52.1,32.6,78.9,2535.6,TIDAK,347,31,292,24,YA,
760,2026-07-03 08:48:23,366.85,53.0,33.0,79.1,2541.3,TIDAK,347,31,292,24,YA,
761,2026-07-03 08:48:52,367.34,52.5,37.8,79.0,2535.5,TIDAK,347,31,292,24,YA,
762,2026-07-03 08:49:21,367.82,53.0,36.7,79.5,2552.5,TIDAK,347,31,292,24,YA,
763,2026-07-03 08:49:50,368.3,53.5,53.8,79.0,2533.7,TIDAK,347,31,292,24,YA,
764,2026-07-03 08:50:19,368.79,54.0,59.0,79.0,2539.2,TIDAK,347,31,292,24,YA,
765,2026-07-03 08:50:48,369.27,52.1,34.2,78.7,2534.0,TIDAK,347,31,292,24,YA,
766,2026-07-03 08:51:17,369.75,52.1,36.3,78.8,2533.5,TIDAK,347,31,292,24,YA,
767,2026-07-03 08:51:46,370.24,51.6,34.0,78.7,2534.6,TIDAK,347,31,292,24,YA,
768,2026-07-03 08:52:15,370.72,51.6,36.8,78.8,2535.4,TIDAK,347,31,292,24,YA,
769,2026-07-03 08:52:44,371.2,52.5,34.8,79.0,2540.0,TIDAK,347,31,292,24,YA,
770,2026-07-03 08:53:13,371.69,54.0,33.3,79.0,2537.9,TIDAK,347,31,292,24,YA,
771,2026-07-03 08:53:42,372.17,53.0,33.6,79.1,2537.7,TIDAK,347,31,292,24,YA,
772,2026-07-03 08:54:11,372.65,54.0,37.1,79.0,2534.9,TIDAK,347,31,292,24,YA,
773,2026-07-03 08:54:40,373.14,53.5,49.5,79.1,2538.8,TIDAK,347,31,292,24,YA,
774,2026-07-03 08:55:09,373.62,53.0,50.0,78.7,2533.7,TIDAK,347,31,292,24,YA,
775,2026-07-03 08:55:38,374.1,52.5,38.4,78.9,2536.3,TIDAK,347,31,292,24,YA,
776,2026-07-03 08:56:07,374.59,52.5,31.9,78.9,2538.6,TIDAK,347,31,292,24,YA,
777,2026-07-03 08:56:36,375.07,52.5,33.1,79.0,2539.2,TIDAK,347,31,292,24,YA,
778,2026-07-03 08:57:05,375.55,53.0,36.0,78.9,2541.9,TIDAK,347,31,292,24,YA,
779,2026-07-03 08:57:34,376.04,52.1,32.3,78.9,2535.9,TIDAK,347,31,292,24,YA,
780,2026-07-03 08:58:03,376.52,53.0,31.6,79.1,2543.0,TIDAK,347,31,292,24,YA,
781,2026-07-03 08:58:32,377.0,53.5,37.3,79.0,2538.4,TIDAK,347,31,292,24,YA,
782,2026-07-03 08:59:01,377.49,53.5,66.6,79.2,2541.1,TIDAK,347,31,292,24,YA,
783,2026-07-03 08:59:30,377.97,52.5,53.0,79.1,2536.9,TIDAK,347,31,292,24,YA,
784,2026-07-03 08:59:59,378.45,54.0,41.6,78.7,2531.7,TIDAK,347,31,292,24,YA,
785,2026-07-03 09:00:28,378.94,54.5,42.5,78.8,2537.5,TIDAK,347,31,292,24,YA,
786,2026-07-03 09:00:57,379.42,53.0,33.1,79.0,2540.9,TIDAK,347,31,292,24,YA,
787,2026-07-03 09:01:26,379.9,52.1,41.0,79.1,2546.6,TIDAK,347,31,292,24,YA,
788,2026-07-03 09:01:55,380.39,52.5,36.0,79.2,2547.3,TIDAK,347,31,292,24,YA,
789,2026-07-03 09:02:24,380.87,52.1,34.4,79.0,2537.1,TIDAK,347,31,292,24,YA,
790,2026-07-03 09:02:53,381.35,54.0,33.4,79.0,2541.4,TIDAK,347,31,292,24,YA,
791,2026-07-03 09:03:22,381.84,53.0,36.3,78.9,2535.0,TIDAK,347,31,292,24,YA,
792,2026-07-03 09:03:51,382.32,53.5,67.7,79.1,2538.7,TIDAK,347,31,292,24,YA,
793,2026-07-03 09:04:20,382.8,52.5,61.5,79.1,2540.6,TIDAK,347,31,292,24,YA,
794,2026-07-03 09:04:49,383.29,52.1,54.5,79.0,2539.7,TIDAK,347,31,292,24,YA,
795,2026-07-03 09:05:18,383.77,52.5,34.3,78.8,2534.3,TIDAK,347,31,292,24,YA,
796,2026-07-03 09:05:47,384.25,52.1,33.4,78.8,2539.4,TIDAK,347,31,292,24,YA,
797,2026-07-03 09:06:16,384.74,52.1,36.0,78.8,2535.5,TIDAK,347,31,292,24,YA,
798,2026-07-03 09:06:45,385.22,52.5,33.5,78.7,2534.6,TIDAK,347,31,292,24,YA,
799,2026-07-03 09:07:14,385.7,53.5,34.4,79.0,2540.2,TIDAK,347,31,292,24,YA,
800,2026-07-03 09:07:43,386.19,52.1,32.9,78.8,2535.2,TIDAK,347,31,292,24,YA,
801,2026-07-03 09:08:12,386.67,53.0,35.8,79.0,2539.1,TIDAK,347,31,292,24,YA,
802,2026-07-03 09:08:41,387.15,54.0,32.9,79.1,2538.7,TIDAK,347,31,292,24,YA,
803,2026-07-03 09:09:10,387.64,53.0,47.5,79.0,2536.5,TIDAK,347,31,292,24,YA,
804,2026-07-03 09:09:39,388.12,52.5,34.8,78.7,2535.6,TIDAK,347,31,292,24,YA,
805,2026-07-03 09:10:08,388.6,51.6,33.6,78.9,2537.8,TIDAK,347,31,292,24,YA,
806,2026-07-03 09:10:37,389.09,53.0,33.1,78.9,2541.6,TIDAK,347,31,292,24,YA,
807,2026-07-03 09:11:06,389.57,51.6,41.5,78.9,2539.0,TIDAK,347,31,292,24,YA,
808,2026-07-03 09:11:35,390.05,54.0,36.3,78.8,2539.6,TIDAK,347,31,292,24,YA,
809,2026-07-03 09:12:04,390.54,53.0,34.9,78.9,2538.7,TIDAK,347,31,292,24,YA,
810,2026-07-03 09:12:33,391.02,52.5,40.9,78.9,2535.4,TIDAK,347,31,292,24,YA,
811,2026-07-03 09:13:02,391.5,52.5,36.2,79.1,2542.3,TIDAK,347,31,292,24,YA,
812,2026-07-03 09:13:31,391.99,53.0,34.9,79.0,2536.0,TIDAK,347,31,292,24,YA,
813,2026-07-03 09:14:00,392.47,53.0,47.6,78.9,2537.4,TIDAK,347,31,292,24,YA,
814,2026-07-03 09:14:29,392.95,52.1,45.4,78.7,2535.7,TIDAK,347,31,292,24,YA,
815,2026-07-03 09:14:58,393.44,52.1,32.7,78.9,2541.2,TIDAK,347,31,292,24,YA,
816,2026-07-03 09:15:27,393.92,52.5,33.2,78.9,2533.2,TIDAK,347,31,292,24,YA,
817,2026-07-03 09:15:56,394.4,51.6,34.8,79.0,2533.3,TIDAK,347,31,292,24,YA,
818,2026-07-03 09:16:25,394.89,53.0,36.0,79.0,2538.7,TIDAK,347,31,292,24,YA,
819,2026-07-03 09:16:54,395.37,54.0,33.3,79.3,2542.0,TIDAK,347,31,292,24,YA,
820,2026-07-03 09:17:23,395.85,53.0,62.7,79.6,2549.0,TIDAK,347,31,292,24,YA,
821,2026-07-03 09:17:52,396.34,52.1,37.1,79.3,2543.1,TIDAK,347,31,292,24,YA,
822,2026-07-03 09:18:21,396.82,53.5,35.5,79.4,2545.1,TIDAK,347,31,292,24,YA,
823,2026-07-03 09:18:50,397.3,53.0,48.8,79.4,2544.5,TIDAK,347,31,292,24,YA,
824,2026-07-03 09:19:19,397.79,52.5,42.1,79.2,2541.0,TIDAK,347,31,292,24,YA,
825,2026-07-03 09:19:48,398.27,52.1,32.4,79.2,2543.0,TIDAK,347,31,292,24,YA,
826,2026-07-03 09:20:17,398.75,53.5,32.9,78.9,2536.5,TIDAK,347,31,292,24,YA,
827,2026-07-03 09:20:46,399.24,52.1,33.8,79.2,2545.4,TIDAK,347,31,292,24,YA,
828,2026-07-03 09:21:15,399.72,52.5,40.1,79.2,2544.0,TIDAK,347,31,292,24,YA,
829,2026-07-03 09:21:44,400.2,53.0,31.5,79.2,2541.5,TIDAK,347,31,292,24,YA,
830,2026-07-03 09:22:13,400.69,52.5,33.0,79.3,2543.9,TIDAK,347,31,292,24,YA,
831,2026-07-03 09:22:42,401.17,53.0,36.8,79.3,2543.1,TIDAK,347,31,292,24,YA,
832,2026-07-03 09:23:11,401.65,54.0,34.1,79.5,2547.6,TIDAK,347,31,292,24,YA,
833,2026-07-03 09:23:40,402.14,52.5,70.6,79.3,2546.8,TIDAK,347,31,292,24,YA,
834,2026-07-03 09:24:09,402.62,52.1,47.4,79.0,2540.2,TIDAK,347,31,292,24,YA,
835,2026-07-03 09:24:38,403.1,52.1,33.3,79.1,2543.4,TIDAK,347,31,292,24,YA,
836,2026-07-03 09:25:07,403.59,52.5,33.6,78.9,2537.7,TIDAK,347,31,292,24,YA,
837,2026-07-03 09:25:36,404.07,54.0,32.5,79.3,2546.2,TIDAK,347,31,292,24,YA,
838,2026-07-03 09:26:05,404.55,52.5,34.4,79.0,2539.8,TIDAK,347,31,292,24,YA,
839,2026-07-03 09:26:34,405.04,53.0,35.7,79.4,2550.4,TIDAK,347,31,292,24,YA,
840,2026-07-03 09:27:03,405.52,51.1,33.9,79.2,2543.0,TIDAK,347,31,292,24,YA,
841,2026-07-03 09:27:32,406.0,51.6,36.4,79.4,2548.3,TIDAK,347,31,292,24,YA,
842,2026-07-03 09:28:01,406.49,53.0,34.4,79.3,2542.2,TIDAK,347,31,292,24,YA,
843,2026-07-03 09:28:30,406.97,53.5,53.4,79.4,2545.2,TIDAK,347,31,292,24,YA,
844,2026-07-03 09:28:59,407.45,51.6,39.7,79.2,2543.8,TIDAK,347,31,292,24,YA,
845,2026-07-03 09:29:28,407.94,53.5,34.1,79.1,2543.1,TIDAK,347,31,292,24,YA,
846,2026-07-03 09:29:57,408.42,51.6,32.6,79.1,2542.2,TIDAK,347,31,292,24,YA,
847,2026-07-03 09:30:26,408.9,53.5,34.6,79.5,2542.5,TIDAK,347,31,292,24,YA,
848,2026-07-03 09:30:55,409.39,53.5,37.2,79.5,2540.8,TIDAK,347,31,292,24,YA,
849,2026-07-03 09:31:24,409.87,53.0,32.8,79.9,2549.0,TIDAK,347,31,292,24,YA,
850,2026-07-03 09:31:53,410.35,53.0,35.1,79.3,2545.8,TIDAK,347,31,292,24,YA,
851,2026-07-03 09:32:22,410.84,54.0,34.4,79.5,2552.3,TIDAK,347,31,292,24,YA,
852,2026-07-03 09:32:51,411.32,52.5,34.0,79.3,2543.3,TIDAK,347,31,292,24,YA,
853,2026-07-03 09:33:20,411.8,51.6,61.4,79.1,2543.2,TIDAK,347,31,292,24,YA,
854,2026-07-03 09:33:49,412.29,52.1,46.0,79.0,2540.4,TIDAK,347,31,292,24,YA,
855,2026-07-03 09:34:18,412.77,54.0,33.8,79.0,2540.9,TIDAK,347,31,292,24,YA,
856,2026-07-03 09:34:47,413.25,52.5,41.4,79.1,2545.3,TIDAK,347,31,292,24,YA,
857,2026-07-03 09:35:16,413.74,52.5,34.6,79.1,2540.4,TIDAK,347,31,292,24,YA,
858,2026-07-03 09:35:45,414.22,52.1,34.4,79.2,2548.6,TIDAK,347,31,292,24,YA,
859,2026-07-03 09:36:14,414.7,52.5,31.6,79.3,2545.6,TIDAK,347,31,292,24,YA,
860,2026-07-03 09:36:43,415.19,52.1,34.1,79.4,2548.9,TIDAK,347,31,292,24,YA,
861,2026-07-03 09:37:12,415.67,53.0,35.4,79.4,2549.3,TIDAK,347,31,292,24,YA,
862,2026-07-03 09:37:41,416.15,53.0,33.4,79.5,2549.5,TIDAK,347,31,292,24,YA,
863,2026-07-03 09:38:10,416.64,52.1,53.3,79.4,2547.6,TIDAK,347,31,292,24,YA,
864,2026-07-03 09:38:39,417.12,52.1,37.4,79.3,2549.6,TIDAK,347,31,292,24,YA,
865,2026-07-03 09:39:08,417.6,53.5,34.9,79.3,2547.9,TIDAK,347,31,292,24,YA,
866,2026-07-03 09:39:37,418.09,52.5,39.9,79.1,2547.1,TIDAK,347,31,292,24,YA,
867,2026-07-03 09:40:06,418.57,51.6,33.1,79.2,2548.3,TIDAK,347,31,292,24,YA,
868,2026-07-03 09:40:35,419.05,52.5,33.9,79.1,2546.3,TIDAK,347,31,292,24,YA,
869,2026-07-03 09:41:04,419.54,52.1,34.8,79.3,2546.8,TIDAK,347,31,292,24,YA,
